name,fighter_id,match_type,score
AJ Cunningham,1,exact,100
AJ Dobson,2,exact,100
AJ Fletcher,3,exact,100
Aalon Cruz,8,exact,100
Aaron Brink,9,exact,100
Aaron Phillips,14,exact,100
Aaron Pico,15,exact,100
Aaron Riley,16,exact,100
Aaron Rosa,17,exact,100
Aaron Simpson,18,exact,100
Aaron Wilkinson,22,exact,100
Abdul Rakhman Yakhyaev,25,exact,100
Abdul Razak Alhassan,26,exact,100
Abdul-Kareem Al-Selwady,27,exact,100
Abdul-Kerim Edilov,28,exact,100
Abel Trujillo,30,exact,100
Abner Lloveras,31,exact,100
Abu Azaitar,34,exact,100
Abubakar Nurmagomedov,35,exact,100
Abus Magomedov,37,exact,100
Adam Cella,43,exact,100
Adam Fugitt,44,exact,100
Adam Milstead,50,exact,100
Adam Wieczorek,55,exact,100
Adam Yandiev,56,exact,100
Adlan Amagov,59,exact,100
Adrian Luna Martinetti,62,exact,100
Adrian Serrano,63,exact,100
Adrian Yanez,64,exact,100
Adriano Martins,65,exact,100
Adriano Santos,66,exact,100
Aiemann Zahabi,71,exact,100
Ailin Perez,72,exact,100
Aisling Daly,74,exact,100
Akbarh Arreola,76,exact,100
Akihiro Gono,77,exact,100
Akira Corassani,79,exact,100
Al Iaquinta,84,exact,100
Alan Baudot,87,exact,100
Alan Belcher,88,exact,100
Alan Jouban,91,exact,100
Alan Omer,92,exact,100
Alan Patrick,93,exact,100
Alatengheili,94,exact,100
Albert Cheng,96,exact,100
Albert Duraev,97,exact,100
Albert Morales,98,exact,100
Albert Tumenov,101,exact,100
Alberta Cerra Leon,102,exact,100
Alberto Crane,103,exact,100
Alberto Mina,104,exact,100
Alberto Montes,105,exact,100
Alberto Uda,106,exact,100
Alden Coria,107,exact,100
Alejandro Perez,110,exact,100
Aleksa Camur,112,exact,100
Aleksandar Rakic,113,exact,100
Aleksandra Albu,115,exact,100
Aleksandre Topuria,116,exact,100
Aleksei Kunchenko,117,exact,100
Aleksei Oleinik,118,exact,100
Alen Amedovski,119,exact,100
Alessandro Costa,120,exact,100
Alessio Di Chirico,121,exact,100
Alessio Sakara,122,exact,100
Alex Andrade,123,exact,100
Alex Caceres,124,exact,100
Alex Chambers,125,exact,100
Alex Da Silva,127,exact,100
Alex Garcia,130,exact,100
Alex Gorgees,132,exact,100
Alex Hunter,135,exact,100
Alex Karalexis,136,exact,100
Alex Morono,137,exact,100
Alex Nicholson,138,exact,100
Alex Oliveira,139,exact,100
Alex Pereira,140,exact,100
Alex Perez,141,exact,100
Alex Reyes,142,exact,100
Alex Ricci,143,exact,100
Alex Schoenauer,144,exact,100
Alex Soto,146,exact,100
Alex Stiebling,147,exact,100
Alex Torres,148,exact,100
Alex White,149,exact,100
Alexa Grasso,151,exact,100
Alexander Gustafsson,153,exact,100
Alexander Hernandez,154,exact,100
Alexander Munoz,156,exact,100
Alexander Volkanovski,163,exact,100
Alexander Volkov,164,exact,100
Alexander Yakovlev,165,exact,100
Alexandr Romanov,166,exact,100
Alexandre Barros,167,exact,100
Alexandre Dantas,168,exact,100
Alexandre Ferreira,169,exact,100
Alexandre Pantoja,171,exact,100
Alexia Thainara,173,exact,100
Alexis Davis,174,exact,100
Alexis Dufresne,175,exact,100
Alfonso Alcarez,176,exact,100
Ali AlQaisi,178,exact,100
Ali Bagautinov,179,exact,100
Aliaskhab Khizriev,180,exact,100
Alibi Idiris,181,exact,100
Alice Ardelean,182,exact,100
Alice Pereira,183,exact,100
Alistair Overeem,186,exact,100
Aljamain Sterling,187,exact,100
Allan Goes,189,exact,100
Allan Nascimento,190,exact,100
Allan Zuniga,191,exact,100
Allen Berube,192,exact,100
Allen Crowder,193,exact,100
Allen Frye Jr.,194,exact,100
Alonzo Menifield,196,exact,100
Alptekin Ozkilic,197,exact,100
Alvaro Herrera Mendoza,199,exact,100
Alvin Hines,201,exact,100
Alvin Robinson,202,exact,100
Amanda Cooper,204,exact,100
Amanda Lemos,205,exact,100
Amanda Nunes,206,exact,100
Amanda Ribas,207,exact,100
Amar Suloev,208,exact,100
Amaury Bitetti,209,exact,100
Amilcar Alves,211,exact,100
Amir Albazi,212,exact,100
Amir Sadollah,215,exact,100
Anderson Dos Santos,220,exact,100
Anderson Silva,221,exact,100
Andre Ewell,223,exact,100
Andre Fialho,224,exact,100
Andre Fili,225,exact,100
Andre Gusmao,227,exact,100
Andre Lima,228,exact,100
Andre Muniz,229,exact,100
Andre Pederneiras,231,exact,100
Andre Petroski,232,exact,100
Andre Roberts,233,exact,100
Andre Soukhamthath,235,exact,100
Andre Winner,237,exact,100
Andrea Lee,238,exact,100
Andreas Gustafsson,239,exact,100
Andreas Michailidis,240,exact,100
Andreas Stahl,242,exact,100
Andrei Arlovski,243,exact,100
Andrei Semenov,245,exact,100
Andrew Craig,246,exact,100
Andrew Holbrook,247,exact,100
Andrew Sanchez,251,exact,100
Andrey Pulyaev,256,exact,100
Andy Anderson,257,exact,100
Andy Enz,258,exact,100
Andy Ogle,260,exact,100
Andy Wang,263,exact,100
Ange Loosa,267,exact,100
Angel Pacheco,269,exact,100
Angela Hill,270,exact,100
Angela Magana,271,exact,100
Anistavio Medeiros,275,exact,100
Anna Elmose,276,exact,100
Ansar Chalangov,277,exact,100
Anshul Jubli,278,exact,100
Ante Delija,279,exact,100
Anthony Birchak,283,exact,100
Anthony Christodoulou,284,exact,100
Anthony Hamilton,289,exact,100
Anthony Hernandez,290,exact,100
Anthony Ivy,291,exact,100
Anthony Johnson,292,exact,100
Anthony Lapsley,293,exact,100
Anthony Macias,295,exact,100
Anthony Njokuani,297,exact,100
Anthony Perosh,298,exact,100
Anthony Pettis,299,exact,100
Anthony Rocco Martin,300,exact,100
Anthony Smith,303,exact,100
Anthony Torres,305,exact,100
Anton Kuivanen,307,exact,100
Anton Turkalj,308,exact,100
Anton Zafir,309,exact,100
Antoni Hardonk,310,exact,100
Antonina Shevchenko,311,exact,100
Antonio Arroyo,312,exact,100
Antonio Banuelos,313,exact,100
Antonio Braga Neto,314,exact,100
Antonio Carlos Junior,315,exact,100
Antonio Carvalho,316,exact,100
Antonio Dos Santos,317,exact,100
Antonio McKee,320,exact,100
Antonio Mendes,321,exact,100
Antonio Rodrigo Nogueira,323,exact,100
Antonio Silva,325,exact,100
Antonio Trocoli,326,exact,100
Anying Wang,331,exact,100
Aoriqileng,332,exact,100
Ariane Carnelossi,333,exact,100
Ariane da Silva,334,exact,100
Ariel Beck,335,exact,100
Arjan Bhullar,338,exact,100
Arman Tsarukyan,341,exact,100
Armen Petrosyan,343,exact,100
Arnold Allen,344,exact,100
Artem Lobov,349,exact,100
Asbel Cancio,354,exact,100
Ashkan Mokhtarian,357,exact,100
Ashlee Evans-Smith,358,exact,100
Ashley Yoder,359,exact,100
Askar Askarov,362,exact,100
Askar Mozharov,363,exact,100
Aspen Ladd,364,exact,100
Assuerio Silva,365,exact,100
Asu Almabayev,366,exact,100
Ateba Gautier,367,exact,100
Augusto Mendes,369,exact,100
Augusto Montano,370,exact,100
Augusto Sakai,371,exact,100
Austen Lane,373,exact,100
Austin Arnett,374,exact,100
Austin Bashi,375,exact,100
Austin Hubbard,376,exact,100
Austin Lingo,377,exact,100
Austin Springer,378,exact,100
Austin Vanderford,380,exact,100
Axel Sola,381,exact,100
Azamat Bekoev,382,exact,100
Azamat Gashimov,383,exact,100
Azamat Murzakanov,384,exact,100
Azat Maksum,386,exact,100
Azunna Anyanwu,388,exact,100
BJ Penn,389,exact,100
Baergeng Jieleyisi,390,exact,100
Baisangur Susurkaev,393,exact,100
Barb Honchak,396,exact,100
Bart Palaszewski,397,exact,100
Bartosz Fabinski,398,exact,100
Bas Rutten,401,exact,100
Bassil Hafez,402,exact,100
Batgerel Danaa,403,exact,100
Bea Malecki,405,exact,100
Bec Rawlings,406,exact,100
Bekzat Almakhan,407,exact,100
Belal Muhammad,408,exact,100
Ben Alloway,409,exact,100
Ben Askren,410,exact,100
Ben Earwood,411,exact,100
Ben Johnston,413,exact,100
Ben Nguyen,416,exact,100
Ben Rothwell,418,exact,100
Ben Saunders,419,exact,100
Ben Sosoli,420,exact,100
Ben Wall,421,exact,100
Benardo Sopaj,422,exact,100
Beneil Dariush,424,exact,100
Benito Lopez,425,exact,100
Benji Radach,427,exact,100
Benoit Saint Denis,428,exact,100
Benson Henderson,429,exact,100
Bentley Syler,430,exact,100
Bernardo Magalhaes,431,exact,100
Besam Yousef,433,exact,100
Bethe Correia,434,exact,100
Bevon Lewis,435,exact,100
Bharat Kandare,436,exact,100
Bia Mesquita,437,exact,100
Bibulatov Magomed,2768,fuzzy_accept,100
Bill Algeo,439,exact,100
Bill Mahood,442,exact,100
Billy Elekana,444,exact,100
Billy Miles,447,exact,100
Billy Quarantillo,449,exact,100
Billy Ray Goff,450,exact,100
Blagoy Ivanov,452,exact,100
Blake Bilder,454,exact,100
Blood Diamond,458,exact,100
Bo Nickal,462,exact,100
Bob Cook,463,exact,100
Bob Gilstrap,464,exact,100
Bobby Hoffman,470,exact,100
Bobby Moffett,473,exact,100
Bobby Nash,474,exact,100
Bobby Southworth,476,exact,100
Bobby Voelker,478,exact,100
Bogdan Grad,479,exact,100
Bogdan Guskov,480,exact,100
Bojan Mihajlovic,481,exact,100
Bojan Velickovic,482,exact,100
Bolaji Oki,483,exact,100
Boston Salmon,485,exact,100
Brad Blackburn,486,exact,100
Brad Gumm,487,exact,100
Brad Imes,488,exact,100
Brad Katona,489,exact,100
Brad Kohler,490,exact,100
Brad Morris,492,exact,100
Brad Pickett,493,exact,100
Brad Riddell,494,exact,100
Brad Scott,496,exact,100
Brad Tavares,497,exact,100
Brady Hiestand,499,exact,100
Branden Lee Hinkle,502,exact,100
Brando Pericic,503,exact,100
Brandon Davis,505,exact,100
Brandon Jenkins,512,exact,100
Brandon Melendez,516,exact,100
Brandon Moreno,518,exact,100
Brandon Royval,520,exact,100
Brandon Thatch,525,exact,100
Brandon Vera,526,exact,100
Brandon Wolff,528,exact,100
Braxton Smith,530,exact,100
Brendan Allen,531,exact,100
Brendan Loughnane,532,exact,100
Brendan O'Reilly,533,exact,100
Brendan Schaub,534,exact,100
Brendon Marotte,536,exact,100
Brendson Ribeiro,537,exact,100
Brett Johns,543,exact,100
Brian Bowles,546,exact,100
Brian Camozzi,547,exact,100
Brian Cobb,548,exact,100
Brian Ebersole,550,exact,100
Brian Foster,551,exact,100
Brian Gassaway,552,exact,100
Brian Geraghty,553,exact,100
Brian Houston,554,exact,100
Brian Johnston,555,exact,100
Brian Kelleher,556,exact,100
Brian Melancon,559,exact,100
Brian Ortega,560,exact,100
Brian Stann,564,exact,100
Brianna Fortino,566,exact,100
Bristol Marunde,567,exact,100
Brock Jardine,568,exact,100
Brock Larson,569,exact,100
Brock Lesnar,570,exact,100
Brodie Farber,571,exact,100
Brogan Walker,572,exact,100
Brok Weaver,573,exact,100
Bruna Brasil,576,exact,100
Brunno Ferreira,577,exact,100
Bruno Korea,580,exact,100
Bruno Lopes,581,exact,100
Bruno Santos,583,exact,100
Bruno Silva,585,exact,100
Bruno Souza,586,exact,100
Bryan Barberena,588,exact,100
Bryan Battle,589,exact,100
Bryan Caraway,590,exact,100
Bryce Mitchell,597,exact,100
Bubba Bush,600,exact,100
Buddy Roberts,604,exact,100
Byron Bloodworth,605,exact,100
CB Dollaway,606,exact,100
CJ Fernandes,607,exact,100
CJ Keith,609,exact,100
CJ Vergara,611,exact,100
CM Punk,612,exact,100
Cain Carrizosa,613,exact,100
Cain Velasquez,614,exact,100
Caio Borralho,616,exact,100
Caio Machado,617,exact,100
Caio Magalhaes,618,exact,100
Cal Worsham,619,exact,100
Cale Yarbrough,620,exact,100
Callan Potter,622,exact,100
Calvin Kattar,623,exact,100
Cam Rowston,624,exact,100
Cameron Dollar,627,exact,100
Cameron Else,628,exact,100
Cameron Saaiman,630,exact,100
Cameron Smotherman,631,exact,100
Cameron VanCamp,632,exact,100
Caol Uno,634,exact,100
Caolan Loughran,635,exact,100
Carl Deaton,637,exact,100
Carla Esparza,641,exact,100
Carli Judice,642,exact,100
Carlo Pedersoli Jr.,643,exact,100
Carlo Prater,644,exact,100
Carlos Barreto,645,exact,100
Carlos Candelario,647,exact,100
Carlos Condit,648,exact,100
Carlos Eduardo Rocha,649,exact,100
Carlos Felipe,650,exact,100
Carlos Hernandez,651,exact,100
Carlos Huachin,652,exact,100
Carlos Leal,653,exact,100
Carlos Mota,654,exact,100
Carlos Newton,655,exact,100
Carlos Prates,656,exact,100
Carlos Ulberg,657,exact,100
Carlos Vera,658,exact,100
Carls John De Tomas,660,exact,100
Carlston Harris,661,exact,100
Carlton Minus,663,exact,100
Carmelo Marrero,664,exact,100
Caros Fodor,666,exact,100
Casey Kenney,669,exact,100
Casey O'Neill,670,exact,100
Cat Zingano,673,exact,100
Cathal Pendred,674,exact,100
Cesar Almeida,676,exact,100
Cesar Arzamendia,677,exact,100
Cesar Marscucci,679,exact,100
Cezar Ferreira,680,exact,100
Cezary Oleksiejczuk,681,exact,100
Chad Anheliger,682,exact,100
Chad Griggs,686,exact,100
Chad Laprise,689,exact,100
Chad Mendes,691,exact,100
Chad Reiner,692,exact,100
Chael Sonnen,697,exact,100
Chan Sung Jung,699,exact,100
Chan-Mi Jeon,700,exact,100
Chance Rencountre,702,exact,100
ChangHo Lee,704,exact,100
Charalampos Grigoriou,706,exact,100
Charles Byrd,709,exact,100
Charles Johnson,710,exact,100
Charles Jourdain,711,exact,100
Charles McCarthy,712,exact,100
Charles Oliveira,714,exact,100
Charles Radtke,715,exact,100
Charles Rosa,716,exact,100
Charlie Brenneman,717,exact,100
Charlie Campbell,718,exact,100
Charlie Ontiveros,720,exact,100
Charlie Valencia,721,exact,100
Charlie Ward,722,exact,100
Chas Skelly,724,exact,100
Chase Gormley,727,exact,100
Chase Hooper,728,exact,100
Chase Sherman,729,exact,100
Che Mills,733,exact,100
Cheick Kongo,734,exact,100
Chelsea Chandler,736,exact,100
Chepe Mariscal,738,exact,100
Cheyanne Vlismas,739,exact,100
Chico Camus,743,exact,100
Chidi Njokuani,744,exact,100
Chris Avila,746,exact,100
Chris Barnett,747,exact,100
Chris Beal,749,exact,100
Chris Brennan,752,exact,100
Chris Camozzi,754,exact,100
Chris Cariaso,755,exact,100
Chris Clements,756,exact,100
Chris Condo,758,exact,100
Chris Cope,759,exact,100
Chris Curtis,761,exact,100
Chris Daukaus,762,exact,100
Chris Dempsey,763,exact,100
Chris Duncan,765,exact,100
Chris Fishgold,767,exact,100
Chris Gruetzemacher,768,exact,100
Chris Gutierrez,770,exact,100
Chris Haseman,771,exact,100
Chris Heatherly,773,exact,100
Chris Holdsworth,776,exact,100
Chris Indich,779,exact,100
Chris Kelades,782,exact,100
Chris Leben,783,exact,100
Chris Liguori,784,exact,100
Chris Lytle,785,exact,100
Chris Padilla,789,exact,100
Chris Price,790,exact,100
Chris Sanford,791,exact,100
Chris Saunders,792,exact,100
Chris Spang,794,exact,100
Chris Tickle,795,exact,100
Chris Tuchscherer,796,exact,100
Chris Wade,797,exact,100
Chris Weidman,798,exact,100
Chris Wilson,799,exact,100
Chris de la Rocha,802,exact,100
Christian Aguilera,803,exact,100
Christian Colombo,804,exact,100
Christian Leroy Duncan,805,exact,100
Christian Morecraft,807,exact,100
Christian Rodriguez,809,exact,100
Christian Wellisch,811,exact,100
Christina Marks,813,exact,100
Christophe Leninger,814,exact,100
Christos Giagos,817,exact,100
Chuck Liddell,819,exact,100
Chuck O'Neil,820,exact,100
Cindy Dandois,822,exact,100
Ciryl Gane,823,exact,100
Claude Patrick,824,exact,100
Claudia Gadelha,825,exact,100
Claudio Puelles,828,exact,100
Claudio Ribeiro,829,exact,100
Claudio Silva,830,exact,100
Clay Collard,832,exact,100
Clay Guida,834,exact,100
Clay Harvison,835,exact,100
Clayton Carpenter,837,exact,100
Clifford Starks,840,exact,100
Clint Hester,843,exact,100
Cody Brundage,845,exact,100
Cody Donovan,849,exact,100
Cody Durden,850,exact,100
Cody East,851,exact,100
Cody Garbrandt,853,exact,100
Cody Gibson,854,exact,100
Cody Haddon,855,exact,100
Cody McKenzie,857,exact,100
Cody Pfister,858,exact,100
Cody Stamann,860,exact,100
Colby Covington,861,exact,100
Colby Thicknesse,862,exact,100
Cole Escovedo,863,exact,100
Cole Miller,864,exact,100
Cole Smith,866,exact,100
Cole Williams,867,exact,100
Colin Fletcher,868,exact,100
Colin Robinson,869,exact,100
Collin Anglin,872,exact,100
Collin Hart,873,exact,100
Colton Smith,876,exact,100
Connor Matthews,877,exact,100
Conor McGregor,879,exact,100
Constantinos Philippou,880,exact,100
Corey Anderson,881,exact,100
Corey Hill,882,exact,100
Cortavious Romious,884,exact,100
Cortney Casey,886,exact,100
Cory Hendricks,888,exact,100
Cory McKenna,889,exact,100
Cory Sandhagen,891,exact,100
Cory Walmsley,892,exact,100
Court McGee,894,exact,100
Courtney Turner,896,exact,100
Crafton Wallace,897,exact,100
Craig White,900,exact,100
Cristian Quinonez,904,exact,100
Cristiane Justino,905,exact,100
Cristiano Marcello,906,exact,100
Cristina Stanciu,907,exact,100
Cub Swanson,909,exact,100
Cung Le,910,exact,100
Curt Warburton,911,exact,100
Curtis Blaydes,912,exact,100
Curtis Millender,913,exact,100
Curtis Stout,914,exact,100
Cynthia Calvillo,916,exact,100
Cyril Asker,917,exact,100
Cyrille Diabate,918,exact,100
Da Woon Jung,920,exact,100
Da'Mon Blackshear,921,exact,100
DaMarques Johnson,922,exact,100
Daichi Abe,926,exact,100
Daiju Takase,929,exact,100
Dakota Bush,933,exact,100
Dakota Hope,935,exact,100
Dalcha Lungiambula,936,exact,100
Dale Hartt,937,exact,100
Damacio Page,938,exact,100
Damian Grabowski,939,exact,100
Damian Pinas,940,exact,100
Damian Stasiak,941,exact,100
Damien Brown,942,exact,100
Damir Hadzovic,945,exact,100
Damir Ismagulov,946,exact,100
Damon Jackson,948,exact,100
Dan Argueta,951,exact,100
Dan Barrera,952,exact,100
Dan Bobish,953,exact,100
Dan Christison,955,exact,100
Dan Cramer,956,exact,100
Dan Evensen,957,exact,100
Dan Hardy,958,exact,100
Dan Henderson,959,exact,100
Dan Hooker,960,exact,100
Dan Ige,961,exact,100
Dan Lauzon,962,exact,100
Dan Miller,964,exact,100
Dan Moret,966,exact,100
Dan Severn,968,exact,100
Dan Stittgen,969,exact,100
Daniel Barez,972,exact,100
Daniel Cormier,973,exact,100
Daniel Frunza,974,exact,100
Daniel Jolly,977,exact,100
Daniel Kelly,978,exact,100
Daniel Lacerda,979,exact,100
Daniel Marcos,980,exact,100
Daniel Omielanczuk,982,exact,100
Daniel Pineda,984,exact,100
Daniel Roberts,986,exact,100
Daniel Rodriguez,987,exact,100
Daniel Santos,988,exact,100
Daniel Sarafian,989,exact,100
Daniel Spitz,991,exact,100
Daniel Spohn,992,exact,100
Daniel Teymur,995,exact,100
Daniel Zellhuber,997,exact,100
Danielle Taylor,998,exact,100
Daniil Donchenko,999,exact,100
Danillo Villefort,1000,exact,100
Danilo Belluardo,1001,exact,100
Danilo Marques,1002,exact,100
Danny Abbadi,1005,exact,100
Danny Barlow,1006,exact,100
Danny Castillo,1007,exact,100
Danny Chavez,1008,exact,100
Danny Downes,1010,exact,100
Danny Henry,1011,exact,100
Danny Martinez,1012,exact,100
Danny Mitchell,1013,exact,100
Danny Roberts,1015,exact,100
Danny Silva,1017,exact,100
Dante Rivera,1018,exact,100
Danyelle Wolf,1019,exact,100
Daria Zhelezniakova,1021,exact,100
Darian Weeks,1022,exact,100
Darko Stosic,1024,exact,100
Daron Cruickshank,1025,exact,100
Darrel Gholar,1026,exact,100
Darrell Horcher,1027,exact,100
Darrell Montague,1028,exact,100
Darren Elkins,1029,exact,100
Darren Stewart,1030,exact,100
Darren Till,1031,exact,100
Darren Uyenoyama,1032,exact,100
Darrick Minner,1033,exact,100
Darrill Schoonover,1034,exact,100
Darrius Flowers,1036,exact,100
Dashon Johnson,1039,exact,100
Dave Beneteau,1040,exact,100
Dave Berry,1041,exact,100
Dave Galera,1045,exact,100
Dave Herman,1046,exact,100
Dave Menne,1049,exact,100
Dave Strasser,1052,exact,100
Davey Grant,1055,exact,100
Davi Ramos,1057,exact,100
David Abbott,1058,exact,100
David Baron,1060,exact,100
David Bielkheden,1062,exact,100
David Branch,1064,exact,100
David Dodd,1065,exact,100
David Dvorak,1067,exact,100
David Heath,1070,exact,100
David Hood,1071,exact,100
David Kaplan,1073,exact,100
David Lee,1074,exact,100
David Levicki,1075,exact,100
David Loiseau,1076,exact,100
David Martinez,1078,exact,100
David Michaud,1080,exact,100
David Mitchell,1081,exact,100
David Onama,1082,exact,100
David Roberts,1084,exact,100
David Terrell,1086,exact,100
David Teymur,1087,exact,100
David Velasquez,1088,exact,100
David Zawada,1089,exact,100
DeAnna Bennett,1091,exact,100
Dean Barry,1093,exact,100
Dean Lister,1095,exact,100
Deiveson Figueiredo,1096,exact,100
Delson Heleno,1099,exact,100
Demetrious Johnson,1101,exact,100
Demian Maia,1103,exact,100
Denis Kang,1105,exact,100
Denis Stojnic,1107,exact,100
Denis Tiuliulin,1108,exact,100
Denise Gomes,1109,exact,100
Dennis Bermudez,1110,exact,100
Dennis Buzukja,1112,exact,100
Dennis Hallman,1114,exact,100
Dennis Siver,1117,exact,100
Denys Bondar,1118,exact,100
Denzel Freeman,1119,exact,100
Dequan Townsend,1120,exact,100
Derek Brunson,1123,exact,100
Derek Downey,1125,exact,100
Deron Winn,1127,exact,100
Derrick Krantz,1129,exact,100
Derrick Lewis,1130,exact,100
Derrick Noble,1132,exact,100
Desmond Green,1134,exact,100
Devin Clark,1136,exact,100
Devin Powell,1139,exact,100
Devonte Smith,1141,exact,100
Dhiego Lima,1144,exact,100
Diana Belbita,1145,exact,100
Diego Brandao,1146,exact,100
Diego Ferreira,1147,exact,100
Diego Lopes,1149,exact,100
Diego Nunes,1150,exact,100
Diego Rivas,1151,exact,100
Diego Sanchez,1152,exact,100
Diego Saraiva,1153,exact,100
Dieusel Berto,1154,exact,100
Dileno Lopes,1155,exact,100
Din Thomas,1158,exact,100
Dione Barbosa,1163,exact,100
Diyar Nurgozhay,1164,exact,100
Djorden Santos,1166,exact,100
Dmitri Stepanov,1167,exact,100
Dmitrii Smoliakov,1168,exact,100
Dmitry Sosnovskiy,1170,exact,100
Dokonjonosuke Mishima,1171,exact,100
Dom Mar Fan,1172,exact,100
Domingo Pilarte,1173,exact,100
Dominic Waters,1176,exact,100
Dominick Cruz,1177,exact,100
Dominick Reyes,1178,exact,100
Dominique Steele,1180,exact,100
Don Frye,1182,exact,100
Don Madge,1183,exact,100
Don Shainis,1184,exact,100
Don'Tale Mayes,1185,exact,100
Donald Cerrone,1186,exact,100
Dong Hyun Kim,1191,exact,100
Dong Hyun Ma,1192,exact,100
DongHun Choi,1194,exact,100
Dongi Yang,1196,exact,100
Donnie Chappell,1197,exact,100
Donny Walker,1199,exact,100
Donte Johnson,1201,exact,100
Dooho Choi,1202,exact,100
Dorian Price,1203,exact,100
Doug Evans,1206,exact,100
Douglas Silva de Andrade,1210,exact,100
Drakkar Klose,1211,exact,100
Drako Rodriguez,1212,exact,100
Drew Dober,1215,exact,100
Drew Fickett,1216,exact,100
Drew McFedries,1217,exact,100
Dricus Du Plessis,1219,exact,100
Duane Ludwig,1220,exact,100
Duda Santana,1221,exact,100
Dusko Todorovic,1222,exact,100
Dustin Hazelett,1223,exact,100
Dustin Jacoby,1224,exact,100
Dustin Kimura,1226,exact,100
Dustin Neace,1228,exact,100
Dustin Ortiz,1229,exact,100
Dustin Pague,1230,exact,100
Dustin Poirier,1231,exact,100
Dustin Stoltzfus,1232,exact,100
Dwayne Cason,1234,exact,100
Dwight Grant,1235,exact,100
Dylan Andrews,1237,exact,100
Dylan Budka,1238,exact,100
Ebenezer Fontes Braga,1243,exact,100
Ed Herman,1244,exact,100
Eddie Alvarez,1246,exact,100
Eddie Gordon,1247,exact,100
Eddie Mendez,1248,exact,100
Eddie Ruiz,1249,exact,100
Eddie Sanchez,1250,exact,100
Eddie Wineland,1251,exact,100
Eddie Yagin,1252,exact,100
Edgar Chairez,1256,exact,100
Edgar Garcia,1257,exact,100
Edilberto de Oliveira,1258,exact,100
Edimilson Souza,1259,exact,100
Edmen Shahbazyan,1261,exact,100
Ednaldo Oliveira,1262,exact,100
Edson Barboza,1263,exact,100
Eduarda Moura,1268,exact,100
Eduardo Garagorri,1272,exact,100
Edward Faaloloto,1276,exact,100
Edwin DeWees,1278,exact,100
Edwin Figueroa,1279,exact,100
Efrain Escudero,1280,exact,100
Eiji Mitsuoka,1284,exact,100
Eldo Xavier Dias,1287,exact,100
Elias Garcia,1290,exact,100
Elias Silverio,1291,exact,100
Elias Theodorou,1292,exact,100
Elijah Smith,1295,exact,100
Eliot Marshall,1296,exact,100
Elise Reed,1297,exact,100
Elisha Ellison,1298,exact,100
Elizabeth Phillips,1300,exact,100
Elizeu Zaleski dos Santos,1301,exact,100
Elves Brener,1302,exact,100
Elvis Mutapcic,1303,exact,100
Elvis Sinosic,1304,exact,100
Emil Meek,1306,exact,100
Emily Ducote,1311,exact,100
Emily Kagan,1313,exact,100
Emily Whitmire,1314,exact,100
Emmanuel Yarborough,1316,exact,100
Enrique Barzola,1318,exact,100
Enrique Marin,1319,exact,100
Enson Inoue,1321,exact,100
Eric Martin,1332,exact,100
Eric McConico,1333,exact,100
Eric Nolan,1334,exact,100
Eric Schafer,1335,exact,100
Eric Shelton,1338,exact,100
Eric Spicely,1340,exact,100
Eric Wisely,1342,exact,100
Erick Gonzalez,1344,exact,100
Erick Montano,1345,exact,100
Erick Silva,1347,exact,100
Ericka Almeida,1349,exact,100
Erik Koch,1351,exact,100
Erik Perez,1352,exact,100
Erik Silva,1353,exact,100
Erin Blanchfield,1354,exact,100
Ernest Chavez,1356,exact,100
Ernesta Kareckaite,1357,exact,100
Ernie Verdicia,1359,exact,100
Eryk Anders,1362,exact,100
Esteban Ribovics,1363,exact,100
Estevan Payan,1365,exact,100
Ethyn Ewing,1366,exact,100
Eugene Jackson,1367,exact,100
Eugenio Tadeu,1368,exact,100
Evan Dunham,1370,exact,100
Evan Elder,1371,exact,100
Evan Tanner,1373,exact,100
Fabiano Iha,1379,exact,100
Fabiano Scherner,1380,exact,100
Fabio Cherant,1382,exact,100
Fabio Gurgel,1383,exact,100
Fabio Maldonado,1384,exact,100
Fabricio Camoes,1389,exact,100
Fabricio Werdum,1391,exact,100
Falaniko Vitale,1392,exact,100
Fares Ziam,1393,exact,100
Farid Basharat,1394,exact,100
Fatima Kline,1397,exact,100
Felice Herrig,1402,exact,100
Felicia Spencer,1403,exact,100
Felipe Arantes,1404,exact,100
Felipe Bunes,1405,exact,100
Felipe Colares,1406,exact,100
Felipe Franco,1407,exact,100
Felipe Lima,1408,exact,100
Felipe Olivieri,1409,exact,100
Felipe Silva,1412,exact,100
Felipe dos Santos,1413,exact,100
Felix Lee Mitchell,1415,exact,100
Feng Xiaocan,1418,exact,100
Fernando Bruno,1420,exact,100
Fernando Padilla,1422,exact,100
Fernie Garcia,1423,exact,100
Filip Pejic,1424,exact,100
Flavio Luiz Moura,1426,exact,100
Floyd Sword,1427,exact,100
Forrest Griffin,1428,exact,100
Forrest Petz,1429,exact,100
Francesco Maturi,1430,exact,100
Francimar Barroso,1432,exact,100
Francis Carmont,1433,exact,100
Francis Marshall,1434,exact,100
Francis Ngannou,1435,exact,100
Francisco Figueiredo,1437,exact,100
Francisco Prado,1439,exact,100
Francisco Rivera,1440,exact,100
Francisco Trevino,1441,exact,100
Francisco Trinaldo,1442,exact,100
Frank Camacho,1444,exact,100
Frank Caracci,1445,exact,100
Frank Hamaker,1447,exact,100
Frank Lester,1448,exact,100
Frank Mir,1450,exact,100
Frank Shamrock,1451,exact,100
Frank Trigg,1453,exact,100
Frankie Edgar,1454,exact,100
Frankie Perez,1455,exact,100
Frankie Saenz,1456,exact,100
Fred Ettish,1457,exact,100
Fredson Paixao,1460,exact,100
Fredy Serrano,1461,exact,100
Gabe Green,1462,exact,100
Gabe Ruediger,1464,exact,100
Gabriel Benitez,1467,exact,100
Gabriel Bonfim,1468,exact,100
Gabriel Gonzaga,1471,exact,100
Gabriel Miranda,1473,exact,100
Gabriel Santos,1475,exact,100
Gabriel Silva,1476,exact,100
Gabriella Fernandes,1477,exact,100
Gadzhi Omargadzhiev,1479,exact,100
Gadzhimurad Antigulov,1480,exact,100
Gaetano Pirrello,1481,exact,100
Galore Bofando,1482,exact,100
Gan McGee,1483,exact,100
Garett Whiteley,1485,exact,100
Garreth McLellan,1486,exact,100
Garrett Armfield,1487,exact,100
Gary Goodridge,1491,exact,100
Gasan Umalatov,1496,exact,100
Gaston Bolanos,1497,exact,100
Gauge Young,1499,exact,100
Gavin Tucker,1500,exact,100
Geane Herrera,1501,exact,100
Gegard Mousasi,1502,exact,100
Genaro Valdez,1503,exact,100
Genki Sudo,1504,exact,100
Geoff Neal,1506,exact,100
George Roop,1512,exact,100
George Sotiropoulos,1513,exact,100
George Sullivan,1515,exact,100
Georges St-Pierre,1517,exact,100
Gerald Harris,1519,exact,100
Gerald Meerschaert,1520,exact,100
Gerald Strebendt,1521,exact,100
Geraldo de Freitas,1522,exact,100
Germaine de Randamie,1524,exact,100
Gerry Harris,1527,exact,100
Geza Kalman,1529,exact,100
Gian Villante,1532,exact,100
Gianni Vazquez,1533,exact,100
Gideon Ray,1534,exact,100
Giga Chikadze,1535,exact,100
Gil Castillo,1537,exact,100
Gilbert Aldana,1538,exact,100
Gilbert Burns,1539,exact,100
Gilbert Melendez,1541,exact,100
Gilbert Smith,1543,exact,100
Gilbert Urbina,1544,exact,100
Gilbert Yvel,1545,exact,100
Gillian Robertson,1547,exact,100
Gina Mazany,1549,exact,100
Glaico Franca Moreira,1551,exact,100
Gleison Tibau,1553,exact,100
Gloria de Paula,1555,exact,100
Glover Teixeira,1556,exact,100
Godofredo Pepey,1557,exact,100
Gokhan Saki,1559,exact,100
Gokhan Saricam,1560,exact,100
Goran Reljic,1562,exact,100
Grant Dawson,1563,exact,100
Gray Maynard,1564,exact,100
Greg Hardy,1565,exact,100
Greg Soto,1570,exact,100
Greg Stott,1571,exact,100
Gregor Gillespie,1574,exact,100
Gregory Rodrigues,1576,exact,100
Grigory Popov,1577,exact,100
Guangyou Ning,1578,exact,100
Guido Cannetti,1580,exact,100
Guilherme Pat,1582,exact,100
Guilherme Vasconcelos,1584,exact,100
Gunnar Nelson,1586,exact,100
Guram Kutateladze,1587,exact,100
Gustavo Lopez,1589,exact,100
Guto Inocente,1590,exact,100
Guy Mezger,1591,exact,100
Hacran Dias,1593,exact,100
Hailey Cowan,1594,exact,100
Hakeem Dawodu,1596,exact,100
Hamdy Abdelwahab,1597,exact,100
Hannah Cifers,1601,exact,100
Hannah Goldy,1602,exact,100
Hans Stringer,1604,exact,100
Harold Howard,1605,exact,100
Harry Hardwick,1607,exact,100
Harry Hunsucker,1608,exact,100
Harry Moskowitz,1609,exact,100
Hatsu Hioki,1612,exact,100
Hayato Sakurai,1614,exact,100
Hayder Hassan,1615,exact,100
He-Man Gipson,1616,exact,100
Heath Herring,1617,exact,100
Heather Clark,1618,exact,100
Hecher Sosa,1619,exact,100
Hector Aldana,1620,exact,100
Hector Lombard,1621,exact,100
Hector Ramirez,1622,exact,100
Hector Sandoval,1623,exact,100
Hector Urbina,1624,exact,100
Henrique da Silva,1629,exact,100
Henry Briones,1630,exact,100
Henry Cejudo,1631,exact,100
Henry Martinez,1633,exact,100
Herbert Burns,1636,exact,100
Hermes Franca,1640,exact,100
Hernani Perpetuo,1641,exact,100
Holly Holm,1659,exact,100
Homer Moore,1660,exact,100
Horacio Gutierrez,1662,exact,100
Houston Alexander,1663,exact,100
Houston Dorr,1664,exact,100
Hu Yaozong,1665,exact,100
Hugo Duarte,1669,exact,100
Hugo Viana,1672,exact,100
Humberto Bandenay,1673,exact,100
Humberto Brown Morrison,1674,exact,100
Hunter Azure,1676,exact,100
Hyder Amil,1679,exact,100
Hyun Gyu Lim,1681,exact,100
HyunSung Park,1682,exact,100
Ian Entwistle,1684,exact,100
Ian Freeman,1685,exact,100
Ian Heinisch,1686,exact,100
Ian Loveland,1687,exact,100
Ian Machado Garry,1688,exact,100
Ian McCall,1689,exact,100
Iasmin Lucindo,1692,exact,100
Ibo Aslan,1693,exact,100
Icho Larenas,1696,exact,100
Ignacio Bahamondes,1699,exact,100
Igor Araujo,1700,exact,100
Igor Pokrajac,1704,exact,100
Igor Severino,1705,exact,100
Igor Zinoviev,1707,exact,100
Ihor Potieria,1708,exact,100
Ike Villanueva,1709,exact,100
Ikram Aliskerov,1710,exact,100
Ikuhisa Minowa,1711,exact,100
Ildemar Alcantara,1712,exact,100
Ilia Topuria,1713,exact,100
Iliarde Santos,1715,exact,100
Ilir Latifi,1717,exact,100
Imanol Rodriguez,1720,exact,100
Impa Kasanganay,1721,exact,100
Ion Cutelaba,1724,exact,100
Irene Aldana,1727,exact,100
Irina Alekseeva,1728,exact,100
Irwin Rivera,1729,exact,100
Isaac Dulgarian,1730,exact,100
Isaac Thomson,1731,exact,100
Isaac Vallie-Flagg,1732,exact,100
Isabela de Padua,1733,exact,100
Islam Dulatov,1738,exact,100
Islam Makhachev,1739,exact,100
Ismael Bonfim,1741,exact,100
Ismail Naurdiev,1742,exact,100
Israel Adesanya,1743,exact,100
Issei Tamura,1749,exact,100
Istela Nunes,1750,exact,100
Iuri Alcantara,1751,exact,100
Ivan Erslan,1753,exact,100
Ivan Jorge,1755,exact,100
Ivan Menjivar,1757,exact,100
Ivan Salaverry,1758,exact,100
Ivan Serati,1759,exact,100
Ivana Petrovic,1762,exact,100
Iwo Baraniewski,1763,exact,100
Izabela Badurek,1764,exact,100
JC Cottrell,1766,exact,100
JJ Aldrich,1767,exact,100
JP Buys,1770,exact,100
Jacare Souza,1774,exact,100
Jack Della Maddalena,1778,exact,100
Jack Hermansson,1780,exact,100
Jack Jenkins,1781,exact,100
Jack Marshman,1782,exact,100
Jack May,1783,exact,100
Jack McGlaughlin,1784,exact,100
Jack Nilson,1786,exact,100
Jack Shore,1787,exact,100
Jackie Lee,1788,exact,100
Jackson McVey,1789,exact,100
Jacob Kilburn,1790,exact,100
Jacob Malkoun,1791,exact,100
Jacob Volkmann,1795,exact,100
Jacobe Smith,1796,exact,100
Jacqueline Cavalcanti,1798,exact,100
Jafel Filho,1802,exact,100
Jai Herbert,1803,exact,100
Jailton Almeida,1804,exact,100
Jairzinho Rozenstruik,1810,exact,100
Jake Collier,1811,exact,100
Jake Ellenberger,1812,exact,100
Jake Hadley,1813,exact,100
Jake Hecht,1814,exact,100
Jake Lindsey,1815,exact,100
Jake Matthews,1816,exact,100
Jake O'Brien,1817,exact,100
Jake Rosholt,1818,exact,100
Jake Shields,1819,exact,100
Jakub Wiklacz,1821,exact,100
Jalin Turner,1822,exact,100
Jamahal Hill,1823,exact,100
Jamal Pogues,1824,exact,100
Jamall Emmers,1825,exact,100
James Bochnovic,1829,exact,100
James Giboo,1831,exact,100
James Hammortree,1833,exact,100
James Head,1834,exact,100
James Irvin,1835,exact,100
James Krause,1836,exact,100
James Lee,1837,exact,100
James Llontop,1838,exact,100
James McSweeney,1839,exact,100
James Moontasri,1840,exact,100
James Mulheron,1841,exact,100
James Te Huna,1843,exact,100
James Toney,1846,exact,100
James Vick,1847,exact,100
James Wilks,1850,exact,100
James Zikic,1851,exact,100
Jamey Simmons,1852,exact,100
Jamey-Lyn Horth,1853,exact,100
Jamie Moyle,1856,exact,100
Jamie Mullarkey,1857,exact,100
Jamie Pickett,1858,exact,100
Jamie Siraj,1859,exact,100
Jamie Varner,1860,exact,100
Jamie Yager,1861,exact,100
Jan Blachowicz,1862,exact,100
Jaqueline Amorim,1868,exact,100
Jared Cannonier,1869,exact,100
Jared Gooden,1871,exact,100
Jared Gordon,1872,exact,100
Jared Hamman,1873,exact,100
Jared Papazian,1874,exact,100
Jared Rollins,1875,exact,100
Jared Rosholt,1876,exact,100
Jared Vanderaa,1877,exact,100
Jarjis Danho,1878,exact,100
Jarno Errens,1879,exact,100
Jarred Brooks,1880,exact,100
Jasmine Jasudavicius,1882,exact,100
Jason Black,1883,exact,100
Jason Brilz,1885,exact,100
Jason Day,1887,exact,100
Jason DeLucia,1888,exact,100
Jason Dent,1889,exact,100
Jason Fairn,1890,exact,100
Jason Gilliam,1892,exact,100
Jason Godsey,1894,exact,100
Jason Gonzalez,1895,exact,100
Jason High,1897,exact,100
Jason Knight,1900,exact,100
Jason Lambert,1901,exact,100
Jason MacDonald,1902,exact,100
Jason Miller,1905,exact,100
Jason Novelli,1906,exact,100
Jason Reinhardt,1907,exact,100
Jason Saggo,1909,exact,100
Jason Tan,1912,exact,100
Jason Thacker,1913,exact,100
Jason Von Flue,1914,exact,100
Jason Witt,1915,exact,100
Jason Young,1916,exact,100
Javid Basharat,1918,exact,100
Javier Reyes,1919,exact,100
Javier Vazquez,1920,exact,100
Jay Cucciniello,1923,exact,100
Jay Hieron,1924,exact,100
Jay Perrin,1925,exact,100
Jay Silva,1926,exact,100
Jean Matsumoto,1928,exact,100
Jean Silva,1930,exact,100
Jean-Paul Lebosnoyani,1931,exact,100
Jeff Cox,1933,exact,100
Jeff Curran,1935,exact,100
Jeff Hougland,1936,exact,100
Jeff Hughes,1937,exact,100
Jeff Joslin,1938,exact,100
Jeff Molina,1939,exact,100
Jeff Monson,1940,exact,100
Jeff Newton,1941,exact,100
Jeka Saragih,1945,exact,100
Jenel Lausa,1946,exact,100
Jennifer Maia,1949,exact,100
Jens Pulver,1950,exact,100
JeongYeong Lee,1951,exact,100
Jeremiah Wells,1959,exact,100
Jeremy Horn,1964,exact,100
Jeremy Jackson,1965,exact,100
Jeremy Kennedy,1966,exact,100
Jeremy Kimball,1967,exact,100
Jeremy Larsen,1969,exact,100
Jeremy Stephens,1972,exact,100
Jermaine Andre,1977,exact,100
Jerome Rivera,1979,exact,100
Jerrod Sanders,1981,exact,100
Jerry Bohlander,1983,exact,100
Jess Liaudin,1985,exact,100
Jessamyn Duke,1986,exact,100
Jesse Bongfeldt,1987,exact,100
Jesse Butler,1988,exact,100
Jesse Forbes,1990,exact,100
Jesse Lennox,1995,exact,100
Jesse Ronson,1998,exact,100
Jesse Sanders,1999,exact,100
Jesse Strader,2000,exact,100
Jesse Taylor,2001,exact,100
Jessica Aguilar,2002,exact,100
Jessica Andrade,2003,exact,100
Jessica Eye,2004,exact,100
Jessica Penne,2005,exact,100
Jessica Rakoczy,2006,exact,100
Jessica-Rose Clark,2007,exact,100
Jessin Ayari,2008,exact,100
Jesus Aguilar,2009,exact,100
Jesus Pinedo,2010,exact,100
Jhonata Diniz,2011,exact,100
Ji Yeon Kim,2014,exact,100
Jianping Yang,2015,exact,100
Jim Alers,2016,exact,100
Jim Miller,2017,exact,100
Jim Mullen,2018,exact,100
Jim Wallhead,2019,exact,100
Jimi Manuwa,2020,exact,100
Jimmie Rivera,2022,exact,100
Jimmy Crute,2024,exact,100
Jimmy Flick,2026,exact,100
Jimmy Quinlan,2028,exact,100
Jimy Hettes,2029,exact,100
Jin Soo Son,2033,exact,100
Jinh Yu Frey,2035,exact,100
Jiri Prochazka,2038,exact,100
Joachim Christensen,2039,exact,100
Joanderson Brito,2041,exact,100
Joanna Jedrzejczyk,2042,exact,100
Joanne Wood,2043,exact,100
Joao Pierini,2046,exact,100
Joao Roque,2047,exact,100
Joao Zeferino,2049,exact,100
Joaquim Silva,2050,exact,100
Joaquin Buckley,2051,exact,100
Joby Sanchez,2052,exact,100
Jocelyn Jones-Lybarger,2053,exact,100
Jodie Esquibel,2054,exact,100
Joe Brammer,2056,exact,100
Joe Charles,2059,exact,100
Joe Doerksen,2060,exact,100
Joe Duffy,2062,exact,100
Joe Ellenberger,2063,exact,100
Joe Giannetti,2064,exact,100
Joe Jordan,2067,exact,100
Joe Lauzon,2068,exact,100
Joe Merritt,2071,exact,100
Joe Moreira,2072,exact,100
Joe Pardo,2074,exact,100
Joe Proctor,2076,exact,100
Joe Pyfer,2077,exact,100
Joe Riggs,2079,exact,100
Joe Slick,2081,exact,100
Joe Solecki,2082,exact,100
Joe Son,2083,exact,100
Joe Soto,2084,exact,100
Joe Stevenson,2085,exact,100
Joe Vedepo,2087,exact,100
Joe Veres,2088,exact,100
Joel Alvarez,2091,exact,100
Joel Sutton,2092,exact,100
Joey Beltran,2095,exact,100
Joey Gambino,2096,exact,100
Joey Gilbert,2097,exact,100
Joey Gomez,2099,exact,100
Joey Roberts,2101,exact,100
John Albert,2105,exact,100
John Alessio,2106,exact,100
John Allan,2107,exact,100
John Campetella,2108,exact,100
John Castaneda,2109,exact,100
John Cholish,2110,exact,100
John Cofer,2112,exact,100
John Dodson,2116,exact,100
John Dowdy,2118,exact,100
John Gunderson,2122,exact,100
John Gunther,2123,exact,100
John Halverson,2124,exact,100
John Hathaway,2125,exact,100
John Howard,2127,exact,100
John Kolosci,2129,exact,100
John Lewis,2131,exact,100
John Lineker,2132,exact,100
John Lober,2133,exact,100
John Maguire,2134,exact,100
John Makdessi,2135,exact,100
John Marsh,2136,exact,100
John Matua,2137,exact,100
John Moraga,2138,exact,100
John Phillips,2140,exact,100
John Polakowski,2141,exact,100
John Salter,2146,exact,100
John Teixeira,2147,exact,100
John Yannis,2148,exact,100
Johnny Bedford,2150,exact,100
Johnny Case,2151,exact,100
Johnny Eduardo,2153,exact,100
Johnny Munoz,2154,exact,100
Johnny Rees,2155,exact,100
Johnny Rhodes,2156,exact,100
Johnny Walker,2158,exact,100
Johny Hendricks,2159,exact,100
Jon Delos Reyes,2161,exact,100
Jon Fitch,2162,exact,100
Jon Hess,2163,exact,100
Jon Jones,2164,exact,100
Jon Madsen,2166,exact,100
Jon Manley,2167,exact,100
Jon Olav Einemo,2169,exact,100
Jon Tuck,2170,exact,100
Jonathan Brookins,2173,exact,100
Jonathan Goulet,2176,exact,100
Jonathan Martinez,2177,exact,100
Jonathan Meunier,2178,exact,100
Jonathan Micallef,2179,exact,100
Jonathan Pearce,2181,exact,100
Jonathan Wiezorek,2185,exact,100
Jonathan Wilson,2186,exact,100
Jonavin Webb,2187,exact,100
Jonny Parsons,2193,exact,100
JooSang Yoo,2194,exact,100
Jordan Espinosa,2197,exact,100
Jordan Griffin,2199,exact,100
Jordan Johnson,2200,exact,100
Jordan Leavitt,2201,exact,100
Jordan Mein,2202,exact,100
Jordan Radev,2204,exact,100
Jordan Rinaldi,2205,exact,100
Jordan Vucenic,2206,exact,100
Jordan Williams,2207,exact,100
Jordan Wright,2208,exact,100
Jorge Gurgel,2210,exact,100
Jorge Lopez,2212,exact,100
Jorge Masvidal,2213,exact,100
Jorge Patino,2216,exact,100
Jorge Rivera,2217,exact,100
Jorge Santiago,2218,exact,100
Jorge de Oliveira,2219,exact,100
Jose Aldo,2222,exact,100
Jose Daniel Medina,2226,exact,100
Jose Delano,2227,exact,100
Jose Delgado,2228,exact,100
Jose Johnson,2230,exact,100
Jose Maria,2232,exact,100
Jose Ochoa,2234,exact,100
Jose Quinonez,2237,exact,100
Jose Torres,2239,exact,100
Josefine Knutsson,2240,exact,100
Joselyne Edwards,2241,exact,100
Joseph Benavidez,2242,exact,100
Joseph Gigliotti,2243,exact,100
Joseph Holmes,2244,exact,100
Joseph Morales,2246,exact,100
Joseph Sandoval,2247,exact,100
Josh Barnett,2249,exact,100
Josh Bryant,2251,exact,100
Josh Clopton,2254,exact,100
Josh Copeland,2255,exact,100
Josh Culibao,2256,exact,100
Josh Emmett,2258,exact,100
Josh Ferguson,2260,exact,100
Josh Fremd,2261,exact,100
Josh Grispi,2262,exact,100
Josh Haynes,2263,exact,100
Josh Hendricks,2264,exact,100
Josh Hokit,2265,exact,100
Josh Koscheck,2268,exact,100
Josh Neer,2272,exact,100
Josh Parisian,2274,exact,100
Josh Quinlan,2276,exact,100
Josh Rafferty,2277,exact,100
Josh Samman,2278,exact,100
Josh Sampo,2279,exact,100
Josh Shockley,2281,exact,100
Josh Shockman,2282,exact,100
Josh Stansbury,2284,exact,100
Josh Stuart,2285,exact,100
Josh Thomson,2286,exact,100
Joshua Burkman,2289,exact,100
Joshua Van,2290,exact,100
Joshua Weems,2292,exact,100
Josiah Harrell,2293,exact,100
Josiane Nunes,2294,exact,100
Josias Musasa,2295,exact,100
Journey Newson,2296,exact,100
Juan Adams,2298,exact,100
Juan Espino,2303,exact,100
Juan Manuel Puig,2304,exact,100
Juancamilo Ronderos,2308,exact,100
Jules Bruchez,2309,exact,100
Julia Avila,2310,exact,100
Julia Polastri,2312,exact,100
Julian Erosa,2313,exact,100
Julian Marquez,2314,exact,100
Julian Sanchez,2315,exact,100
Juliana Lima,2316,exact,100
Juliana Miller,2317,exact,100
Julianna Pena,2318,exact,100
Julie Kedzie,2319,exact,100
Julien Leblanc,2320,exact,100
Julija Stoliarenko,2322,exact,100
Julio Arce,2323,exact,100
Julio Paulino,2325,exact,100
Julius Walker,2327,exact,100
Jumabieke Tuerxun,2328,exact,100
JunYong Park,2329,exact,100
Junie Browning,2332,exact,100
Junior Albini,2333,exact,100
Junior Assuncao,2334,exact,100
Junior Dos Santos,2336,exact,100
Junior Tafa,2337,exact,100
Jussier Formiga,2340,exact,100
Justin Buchholz,2343,exact,100
Justin Edwards,2347,exact,100
Justin Eilers,2348,exact,100
Justin Frazier,2349,exact,100
Justin Gaethje,2350,exact,100
Justin James,2356,exact,100
Justin Jaynes,2357,exact,100
Justin Jones,2358,exact,100
Justin Lawrence,2359,exact,100
Justin Ledet,2360,exact,100
Justin Levens,2361,exact,100
Justin Martin,2362,exact,100
Justin McCully,2363,exact,100
Justin Salas,2368,exact,100
Justin Scoggins,2369,exact,100
Justin Tafa,2372,exact,100
Justin Willis,2374,exact,100
Justin Wren,2375,exact,100
Justine Kish,2376,exact,100
Jutaro Nakao,2377,exact,100
KB Bhullar,2378,exact,100
KJ Noons,2379,exact,100
Kaan Ofli,2380,exact,100
Kai Asakura,2381,exact,100
Kai Kamaka,2382,fuzzy_accept,100
Kai Kamaka III,2382,exact,100
Kai Kara-France,2383,exact,100
Kailin Curran,2387,exact,100
Kajan Johnson,2392,exact,100
Kalib Starnes,2396,exact,100
Kalindra Faria,2397,exact,100
Kamal Shalorus,2400,exact,100
Kamaru Usman,2401,exact,100
Kamuela Kirk,2402,exact,100
Kanako Murata,2403,exact,100
Karine Gevorgyan,2406,exact,100
Karine Silva,2407,exact,100
Karl Roberson,2410,exact,100
Karl Williams,2411,exact,100
Karlos Vemola,2414,exact,100
Karo Parisyan,2415,exact,100
Karol Rosa,2416,exact,100
Karolina Kowalkiewicz,2417,exact,100
Katlyn Cerminara,2422,exact,100
Katsuhisa Fujii,2425,exact,100
Katsunori Kikuno,2426,exact,100
Kaue Fernandes,2429,exact,100
Kay Hansen,2431,exact,100
Kayla Harrison,2432,exact,100
Kaynan Kruschewsky,2433,exact,100
Kazuhiro Nakamura,2435,exact,100
Kazuki Tokudome,2438,exact,100
Kazula Vargas,2439,exact,100
Kazushi Sakuraba,2444,exact,100
Keigo Kunihara,2448,exact,100
Keiichiro Nakamura,2449,exact,100
Keiichiro Yamamiya,2450,exact,100
Keita Nakamura,2453,exact,100
Keith Berish,2454,exact,100
Keith Hackney,2456,exact,100
Keith Jardine,2457,exact,100
Keith Mielke,2458,exact,100
Keith Rockel,2459,exact,100
Keith Wisniewski,2460,exact,100
Kelly Dullanty,2461,exact,100
Kelly Faszholz,2462,exact,100
Kelvin Gastelum,2465,exact,100
Ken Shamrock,2469,exact,100
Ken Stone,2470,exact,100
Kendall Grove,2471,exact,100
Kenichi Yamamoto,2474,exact,100
Kennedy Nzechukwu,2478,exact,100
Kenny Florian,2483,exact,100
Kenny Robertson,2485,exact,100
Kerry Schall,2488,exact,100
Ketlen Souza,2491,exact,100
Ketlen Vieira,2492,exact,100
Kevin Aguilar,2493,exact,100
Kevin Borjas,2494,exact,100
Kevin Burns,2495,exact,100
Kevin Casey,2496,exact,100
Kevin Christian,2497,exact,100
Kevin Croom,2498,exact,100
Kevin Ferguson,2500,exact,100
Kevin Holland,2503,exact,100
Kevin Jackson,2504,exact,100
Kevin Jordan,2505,exact,100
Kevin Jousset,2506,exact,100
Kevin Lee,2508,exact,100
Kevin Natividad,2509,exact,100
Kevin Randleman,2510,exact,100
Kevin Rosier,2512,exact,100
Kevin Vallejos,2515,exact,100
Khabib Nurmagomedov,2516,exact,100
Khadis Ibragimov,2517,exact,100
Khalid Murtazaliev,2519,exact,100
Khalid Taha,2520,exact,100
Khalil Rountree Jr.,2521,exact,100
Khama Worthy,2522,exact,100
Khamzat Chimaev,2523,exact,100
Khaos Williams,2524,exact,100
Khusein Askhabov,2526,exact,100
Kiefer Crosbie,2527,exact,100
Kiichi Kunimoto,2529,exact,100
Kimo Leopoldo,2534,exact,100
King Green,2536,exact,100
Kiru Sahota,2539,exact,100
Kit Cope,2540,exact,100
Klaudia Sygula,2543,exact,100
Kleydson Rodrigues,2545,exact,100
Klidson Abreu,2546,exact,100
Kody Steele,2547,exact,100
Koji Kitao,2549,exact,100
Koji Oishi,2550,exact,100
Konstantin Erokhin,2552,exact,100
Kris McCray,2557,exact,100
Kris Moutinho,2558,exact,100
Kristian Rothaermel,2560,exact,100
Kristof Midoux,2561,exact,100
Kron Gracie,2562,exact,100
Krzysztof Jotko,2563,exact,100
Krzysztof Soszynski,2564,exact,100
Kuniyoshi Hironaka,2566,exact,100
Kurt Holobaugh,2567,exact,100
Kurt Pellegrino,2569,exact,100
Kurtis Campbell,2570,exact,100
Kwan Ho Kwak,2572,exact,100
Kyle Bochniak,2575,exact,100
Kyle Bradley,2577,exact,100
Kyle Daukaus,2578,exact,100
Kyle Kingsbury,2582,exact,100
Kyle Nelson,2585,exact,100
Kyle Noke,2587,exact,100
Kyle Prepolec,2588,exact,100
Kyle Stewart,2590,exact,100
Kyle Watson,2592,exact,100
Kyler Phillips,2593,exact,100
Kyoji Horiguchi,2594,exact,100
Kyung Ho Kang,2598,exact,100
Lance Benoist,2601,exact,100
Lance Gibson,2602,exact,100
Lance Gibson Jr.,2603,exact,100
Lando Vannata,2605,exact,100
Landon Quinones,2606,exact,100
Lara Procopio,2608,exact,100
Larissa Pacheco,2609,exact,100
Larry Cureton,2610,exact,100
Laureano Staropoli,2612,exact,100
Lauren Mueller,2613,exact,100
Lauren Murphy,2614,exact,100
Lavar Johnson,2615,exact,100
Laverne Clark,2616,exact,100
Lawrence Lui,2617,exact,100
Leah Letson,2619,exact,100
Leandro Issa,2620,exact,100
Leandro Silva,2621,exact,100
Lee Murray,2626,exact,100
Leigh Remedios,2627,exact,100
Leo Kuntz,2631,exact,100
Leon Edwards,2634,exact,100
Leonard Garcia,2636,exact,100
Leonardo Guimaraes,2638,exact,100
Leonardo Mafra,2639,exact,100
Leonardo Morales,2640,exact,100
Leonardo Santos,2641,exact,100
Lerone Murphy,2643,exact,100
Lerryan Douglas,2644,exact,100
Leslie Smith,2646,exact,100
Levan Makashvili,2647,exact,100
Lewis Gonzalez,2651,exact,100
Li Jingliang,2652,exact,100
Liana Jojua,2656,exact,100
Liang Na,2657,exact,100
Liliya Shakirova,2658,exact,100
Lina Lansberg,2660,exact,100
Lisa Ellis,2663,exact,100
Liudvik Sholinian,2666,exact,100
Livinha Souza,2667,exact,100
Liz Carmouche,2668,exact,100
Lodune Sincaid,2670,exact,100
Logan Clark,2671,exact,100
Loik Radzhabov,2675,exact,100
Loma Lookboonmee,2677,exact,100
Lone'er Kavanagh,2678,exact,100
Loopy Godinez,2679,exact,100
Lorenz Larkin,2680,exact,100
Losene Keita,2682,exact,100
Louie Sutherland,2683,exact,100
Louis Cosce,2684,exact,100
Louis Gaudinot,2685,exact,100
Louis Smolka,2689,exact,100
Lowell Anderson,2691,exact,100
Luan Chagas,2694,exact,100
Luan Lacerda,2695,exact,100
Luana Carolina,2696,exact,100
Luana Pinheiro,2697,exact,100
Luana Santos,2698,exact,100
Lucas Alexander,2700,exact,100
Lucas Almeida,2701,exact,100
Lucas Brennan,2702,exact,100
Lucas Martins,2708,exact,100
Lucas Rocha,2709,exact,100
Lucie Pudilova,2714,exact,100
Lucio Linhares,2715,exact,100
Ludovit Klein,2717,exact,100
Luigi Fioravanti,2718,exact,100
Luigi Vendramini,2719,exact,100
Luis Gurule,2722,exact,100
Luis Henrique,2723,exact,100
Luis Pajuelo,2725,exact,100
Luis Pena,2726,exact,100
Luis Ramos,2727,exact,100
Luis Saldana,2728,exact,100
Luiz Cane,2731,exact,100
Luiz Dutra,2732,exact,100
Lukasz Brzeski,2734,exact,100
Lukasz Sajewski,2736,exact,100
Luke Barnatt,2737,exact,100
Luke Caudillo,2738,exact,100
Luke Cummo,2739,exact,100
Luke Fernandez,2740,exact,100
Luke Jumeau,2743,exact,100
Luke Riley,2744,exact,100
Luke Rockhold,2745,exact,100
Luke Sanders,2746,exact,100
Luke Zachrich,2748,exact,100
Lyman Good,2752,exact,100
Lyoto Machida,2753,exact,100
Mac Danzig,2755,exact,100
Maciej Jewtuszko,2757,exact,100
Mackens Semerzier,2759,exact,100
Mackenzie Dern,2760,exact,100
Macy Chiasson,2762,exact,100
Mads Burnell,2763,exact,100
Magnus Cedenblad,2766,exact,100
Magomed Ankalaev,2767,exact,100
Magomed Gadzhiyasulov,2769,exact,100
Magomed Mustafaev,2770,exact,100
Maheshate,2774,exact,100
Maia Stevenson,2775,exact,100
Maiquel Falcao,2779,exact,100
Mairbek Taisumov,2780,exact,100
Mairon Santos,2781,exact,100
Makhmud Muradov,2783,exact,100
Maki Pitolo,2784,exact,100
Makwan Amirkhani,2786,exact,100
Malcolm Gordon,2788,exact,100
Malcolm Wellmaker,2789,exact,100
Mallory Martin,2791,exact,100
Mana Martinez,2792,exact,100
Mandel Nallo,2793,exact,100
Mandy Bohm,2795,exact,100
Manel Kape,2796,exact,100
Manny Bermudez,2797,exact,100
Manoel Sousa,2800,exact,100
Manolo Zecchini,2801,exact,100
Manon Fiorot,2802,exact,100
Mansur Abdul-Malik,2804,exact,100
Mantas Kondratavicius,2805,exact,100
Manuel Rodriguez,2808,exact,100
Manuel Torres,2809,exact,100
Manvel Gamburyan,2810,exact,100
MarQuel Mederos,2811,exact,100
Mara Romero Borella,2812,exact,100
Marc Diakiese,2814,exact,100
Marc-Andre Barriault,2816,exact,100
Marcel Fortuna,2817,exact,100
Marcelo Aguiar,2818,exact,100
Marcelo Golm,2820,exact,100
Marcelo Guimaraes,2821,exact,100
Marcelo Mello,2822,exact,100
Marcelo Rojo,2823,exact,100
Marcin Bandel,2824,exact,100
Marcin Held,2825,exact,100
Marcin Prachnio,2826,exact,100
Marcin Tybura,2827,exact,100
Marcin Wrzosek,2828,exact,100
Marcio Alexandre Junior,2829,exact,100
Marcio Barbosa,2830,exact,100
Marcio Cruz,2831,exact,100
Marco Beltran,2833,exact,100
Marco Polo Reyes,2834,exact,100
Marco Ruas,2835,exact,100
Marco Tulio,2836,exact,100
Marcos Mariano,2841,exact,100
Marcos Rogerio de Lima,2842,exact,100
Marcos Vinicius,2843,exact,100
Marcus Aurelio,2845,exact,100
Marcus Bossett,2846,exact,100
Marcus Brimage,2847,exact,100
Marcus Buchecha,2848,exact,100
Marcus Davis,2849,exact,100
Marcus Jones,2851,exact,100
Marcus LeVesseur,2853,exact,100
Marcus McGhee,2854,exact,100
Marcus Silveira,2855,exact,100
Marek Bujlo,2856,exact,100
Maria Oliveira,2857,exact,100
Marina Rodriguez,2861,exact,100
Mario Bautista,2862,exact,100
Mario Miranda,2864,exact,100
Mario Neto,2865,exact,100
Mario Pinto,2867,exact,100
Marion Reneau,2872,exact,100
Mariya Agapova,2876,exact,100
Mark Bocek,2877,exact,100
Mark Choinski,2879,exact,100
Mark Coleman,2881,exact,100
Mark De La Rosa,2882,exact,100
Mark Eddiva,2884,exact,100
Mark Godbeer,2885,exact,100
Mark Hall,2886,exact,100
Mark Holst,2887,exact,100
Mark Hominick,2888,exact,100
Mark Hughes,2889,exact,100
Mark Hunt,2890,exact,100
Mark Kerr,2891,exact,100
Mark Madsen,2892,exact,100
Mark Munoz,2893,exact,100
Mark Robinson,2894,exact,100
Mark Scanlon,2895,exact,100
Mark Schultz,2896,exact,100
Mark Striegl,2897,exact,100
Mark Vologdin,2898,exact,100
Mark Weir,2900,exact,100
Markus Perez,2902,exact,100
Marlon Moraes,2904,exact,100
Marlon Vera,2906,exact,100
Marnic Mann,2907,exact,100
Martin Bravo,2909,exact,100
Martin Buday,2910,exact,100
Martin Day,2912,exact,100
Martin Kampmann,2913,exact,100
Martin Sano,2914,exact,100
Martin Svensson,2915,exact,100
Marvin Eastman,2916,exact,100
Marvin Vettori,2918,exact,100
Marwan Rahiki,2919,exact,100
Maryna Moroz,2920,exact,100
Masanori Kanehara,2925,exact,100
Masio Fullen,2929,exact,100
Mason Jones,2931,exact,100
Masutatsu Yano,2932,exact,100
Mateus Mendonca,2936,exact,100
Mateusz Gamrot,2937,exact,100
Mateusz Rebecki,2938,exact,100
Matheus Camilo,2939,exact,100
Matheus Nicolau,2940,exact,100
Mats Nilsson,2942,exact,100
Matt Andersen,2943,exact,100
Matt Arroyo,2944,exact,100
Matt Bessette,2945,exact,100
Matt Brown,2946,exact,100
Matt Dwyer,2948,exact,100
Matt Frevola,2950,exact,100
Matt Grice,2951,exact,100
Matt Hamill,2952,exact,100
Matt Hobar,2954,exact,100
Matt Horwich,2956,exact,100
Matt Hughes,2957,exact,100
Matt Lindland,2960,exact,100
Matt Lucas,2961,exact,100
Matt Mitrione,2962,exact,100
Matt Sayles,2966,exact,100
Matt Schnell,2967,exact,100
Matt Serra,2969,exact,100
Matt Van Buren,2971,exact,100
Matt Veach,2972,exact,100
Matt Wiman,2973,exact,100
Matthew Lopez,2974,exact,100
Matthew Riddle,2975,exact,100
Matthew Semelsberger,2976,exact,100
Maurice Greene,2980,exact,100
Maurice Smith,2982,exact,100
Mauricio Rua,2984,exact,100
Mauricio Ruffy,2985,exact,100
Max Gimenis,2986,exact,100
Max Griffin,2987,exact,100
Max Holloway,2988,exact,100
Max Rohskopf,2991,exact,100
Maxim Grishin,2992,exact,100
Maximo Blanco,2993,exact,100
Maycee Barber,2995,exact,100
Mayra Bueno Silva,2996,exact,100
Megan Anderson,2997,exact,100
Mehdi Baghdad,2999,exact,100
Melinda Fabian,3001,exact,100
Melissa Croden,3002,exact,100
Melissa Gatto,3003,exact,100
Melissa Martinez,3004,exact,100
Melissa Mullins,3005,exact,100
Melquizael Costa,3006,exact,100
Melsik Baghdasaryan,3007,exact,100
Melton Bowen,3008,exact,100
Melvin Guillard,3009,exact,100
Merab Dvalishvili,3011,exact,100
Michael Aswell Jr.,3014,exact,100
Michael Bisping,3015,exact,100
Michael Chandler,3018,exact,100
Michael Chiesa,3019,exact,100
Michael Graves,3022,exact,100
Michael Johnson,3024,exact,100
Michael Kuiper,3026,exact,100
Michael McBride,3030,exact,100
Michael McDonald,3032,exact,100
Michael Morales,3033,exact,100
Michael Page,3035,exact,100
Michael Patt,3036,exact,100
Michael Trizano,3037,exact,100
Michal Figlak,3038,exact,100
Michal Oleksiejczuk,3040,exact,100
Micheal Gillmore,3041,exact,100
Michel Batista,3042,exact,100
Michel Pereira,3043,exact,100
Michel Prazeres,3044,exact,100
Michel Quinones,3045,exact,100
Michelle Montague,3047,exact,100
Michelle Waterson-Gomez,3048,exact,100
Michihiro Omigawa,3049,exact,100
Michinori Tanaka,3050,exact,100
Mick Parkin,3052,exact,100
Mickael Lebout,3053,exact,100
Mickey Gall,3054,exact,100
Miesha Tate,3056,exact,100
Miguel Baeza,3057,exact,100
Miguel Torres,3060,exact,100
Mike Breeden,3066,exact,100
Mike Brown,3068,exact,100
Mike Ciesnolevicz,3071,exact,100
Mike Davis,3074,exact,100
Mike Easton,3076,exact,100
Mike Grundy,3079,exact,100
Mike Guymon,3080,exact,100
Mike Jackson,3082,exact,100
Mike King,3084,exact,100
Mike Kyle,3085,exact,100
Mike Lullo,3086,exact,100
Mike Malott,3087,exact,100
Mike Massenzio,3088,exact,100
Mike Nickels,3091,exact,100
Mike Perry,3092,exact,100
Mike Pierce,3093,exact,100
Mike Pyle,3095,exact,100
Mike Rhodes,3096,exact,100
Mike Ricci,3097,exact,100
Mike Rio,3099,exact,100
Mike Rodriguez,3100,exact,100
Mike Russow,3101,exact,100
Mike Santiago,3102,exact,100
Mike Stumpf,3104,exact,100
Mike Swick,3105,exact,100
Mike Wessel,3106,exact,100
Mike Whitehead,3107,exact,100
Mike Wilkinson,3108,exact,100
Mike de la Torre,3110,exact,100
Mike van Arsdale,3111,exact,100
Mikey Burnett,3112,exact,100
Milana Dudieva,3117,exact,100
Miles Johns,3119,exact,100
Milton Vieira,3121,exact,100
Minoki Ichihara,3124,exact,100
Miranda Granger,3126,exact,100
Miranda Maverick,3127,exact,100
Mirko Filipovic,3128,exact,100
Mirsad Bektic,3129,exact,100
Misha Cirkunov,3130,exact,100
Mitch Clarke,3131,exact,100
Mitch Gagnon,3132,exact,100
Mitch Ramirez,3133,exact,100
Mitch Raposo,3134,exact,100
Mizuki,3138,exact,100
Mizuto Hirota,3139,exact,100
Modestas Bukauskas,3141,exact,100
Mohammad Yahya,3143,exact,100
Mohammed Usman,3144,exact,100
Molly McCann,3146,exact,100
Montana De La Rosa,3147,exact,100
Montel Jackson,3148,exact,100
Montse Rendon,3149,exact,100
Montserrat Conejo Ruiz,3150,exact,100
Morgan Charriere,3151,exact,100
Mostapha Al-Turk,3152,exact,100
Moti Horenstein,3153,exact,100
Motonobu Tezuka,3155,exact,100
Mounir Lazzez,3156,exact,100
Movsar Evloev,3157,exact,100
Muhammad Mokaev,3160,exact,100
Muhammad Naimov,3161,exact,100
Muin Gafurov,3164,exact,100
Murilo Bustamante,3166,exact,100
Muslim Salikhov,3170,exact,100
Myktybek Orolbai,3172,exact,100
Myles Jury,3173,exact,100
Nad Narimani,3174,exact,100
Nadia Kassem,3175,exact,100
Nah-Shon Burrell,3176,exact,100
Nam Phan,3179,exact,100
Nandor Guelmino,3181,exact,100
Naoki Inoue,3182,exact,100
Naoyuki Kotani,3185,exact,100
Nasrat Haqparast,3187,exact,100
Nassourdine Imavov,3189,exact,100
Natalia Silva,3190,exact,100
Natan Levy,3191,exact,100
Nate Diaz,3192,exact,100
Nate Landwehr,3194,exact,100
Nate Loughran,3195,exact,100
Nate Maness,3196,exact,100
Nate Marquardt,3197,exact,100
Nate Mohr,3198,exact,100
Nate Quarry,3200,exact,100
Nate Schroeder,3201,exact,100
Nathan Coy,3203,exact,100
Nathan Fletcher,3204,exact,100
Nathaniel Wood,3206,exact,100
Navajo Stirling,3207,exact,100
Nazareno Malegarie,3209,exact,100
Nazim Sadykhov,3210,exact,100
Neil Grove,3213,exact,100
Neil Magny,3214,exact,100
Neil Seery,3215,exact,100
Neil Wain,3216,exact,100
Nicco Montano,3219,exact,100
Nicholas Musoke,3221,exact,100
Nick Agallar,3223,exact,100
Nick Aguirre,3224,exact,100
Nick Catone,3227,exact,100
Nick Denis,3228,exact,100
Nick Diaz,3229,exact,100
Nick Fiore,3231,exact,100
Nick Hein,3235,exact,100
Nick Klein,3236,exact,100
Nick Maximov,3237,exact,100
Nick Osipczak,3241,exact,100
Nick Pace,3242,exact,100
Nick Penner,3243,exact,100
Nick Ring,3247,exact,100
Nick Roehrick,3248,exact,100
Nick Sanzo,3250,exact,100
Nick Serra,3251,exact,100
Nick Thompson,3253,exact,100
Nicolae Negumereanu,3255,exact,100
Nicolas Dalby,3256,exact,100
Nicolle Caliari,3257,exact,100
Nik Lentz,3258,exact,100
Nikita Krylov,3260,exact,100
Niklas Backstrom,3262,exact,100
Niklas Stolze,3263,exact,100
Niko Price,3264,exact,100
Nikolas Motta,3267,exact,100
Nikolay Veretennikov,3268,exact,100
Nina Nunes,3269,exact,100
Nissen Osterneck,3270,exact,100
Noad Lahat,3271,exact,100
Noe Hernandez,3275,exact,100
Nohelin Hernandez,3276,exact,100
Nolan Ticman,3277,exact,100
Nora Cornolle,3278,exact,100
Nordine Taleb,3279,exact,100
Norifumi Yamamoto,3280,exact,100
Norma Dumont,3281,exact,100
Norman Parke,3282,exact,100
Nursulton Ruziboev,3283,exact,100
Nurullo Aliev,3284,exact,100
Nyamjargal Tumendemberel,3285,exact,100
Oban Elliott,3287,exact,100
Ode Osbourne,3288,exact,100
Oleg Taktarov,3290,exact,100
Oli Thompson,3292,exact,100
Oliver Enkamp,3293,exact,100
Olivier Aubin-Mercier,3294,exact,100
Ollie Schmid,3296,exact,100
Oluwale Bamgbose,3297,exact,100
Omar Morales,3298,exact,100
Omari Akhmedov,3299,exact,100
Onassis Parungao,3300,exact,100
Orion Cosce,3301,exact,100
Orlando Wiet,3302,exact,100
Oskar Piechota,3306,exact,100
Ottman Azaitar,3309,exact,100
Oumar Sy,3310,exact,100
Ovince Saint Preux,3311,exact,100
Ozzy Diaz,3312,exact,100
Pablo Garza,3314,exact,100
Paddy Holohan,3316,exact,100
Paddy Pimblett,3318,exact,100
Paige VanZant,3319,exact,100
Pannie Kianzad,3320,exact,100
Papy Abedi,3321,exact,100
Parker Porter,3322,exact,100
Pascal Krauss,3323,exact,100
Pat Audinwood,3324,exact,100
Pat Barry,3325,exact,100
Pat Healy,3328,exact,100
Pat Miletich,3329,exact,100
Pat Sabatini,3331,exact,100
Pat Schilling,3332,exact,100
Patchy Mix,3333,exact,100
Patricio Pitbull,3335,exact,100
Patrick Cote,3336,exact,100
Patrick Cummins,3337,exact,100
Patrick Smith,3340,exact,100
Patrick Walsh,3342,exact,100
Patrick Williams,3343,exact,100
Paul Bradley,3347,exact,100
Paul Buentello,3348,exact,100
Paul Craig,3350,exact,100
Paul Creighton,3351,exact,100
Paul Daley,3352,exact,100
Paul Felder,3353,exact,100
Paul Georgieff,3354,exact,100
Paul Herrera,3355,exact,100
Paul Jones,3356,exact,100
Paul Kelly,3357,exact,100
Paul Redmond,3358,exact,100
Paul Rodriguez,3359,exact,100
Paul Sass,3361,exact,100
Paul Taylor,3363,exact,100
Paul Varelans,3364,exact,100
Paulo Costa,3368,exact,100
Paulo Santos,3372,exact,100
Paulo Thiago,3373,exact,100
Pawel Pawlak,3376,exact,100
Payton Talbott,3377,exact,100
Pearl Gonzalez,3378,exact,100
Pedro Falcao,3379,exact,100
Pedro Munhoz,3380,exact,100
Pedro Nobre,3381,exact,100
Pedro Rizzo,3383,exact,100
Peggy Morgan,3385,exact,100
Per Eklund,3386,exact,100
Pete Rodriguez,3387,exact,100
Pete Sell,3390,exact,100
Pete Spratt,3391,exact,100
Pete Williams,3392,exact,100
Peter Barrett,3393,exact,100
Peter Sobotta,3396,exact,100
Petr Yan,3397,exact,100
Phil Baroni,3398,exact,100
Phil Davis,3401,exact,100
Phil Harris,3402,exact,100
Phil Hawes,3403,exact,100
Phil Johns,3404,exact,100
Phil Rowe,3405,exact,100
Philip De Fries,3406,exact,100
Philipe Lins,3409,exact,100
Phillip Miller,3411,exact,100
Phillipe Nover,3412,exact,100
Piera Rodriguez,3413,exact,100
Pingyuan Liu,3415,exact,100
Piotr Hallmann,3416,exact,100
Poliana Botelho,3417,exact,100
Polyana Viana,3418,exact,100
Preston Parsons,3420,exact,100
Priscila Cachoeira,3421,exact,100
Puja Tomar,3424,exact,100
Punahele Soriano,3425,exact,100
Quang Le,3427,exact,100
Quillan Salkilld,3430,exact,100
Quinn Mulhern,3431,exact,100
Quinton Jackson,3432,exact,100
Rachael Ostovich,3435,exact,100
Rafa Garcia,3437,exact,100
Rafael Alves,3438,exact,100
Rafael Carino,3439,exact,100
Rafael Cavalcante,3441,exact,100
Rafael Cerqueira,3442,exact,100
Rafael Cerquiera,3442,fuzzy_accept,93
Rafael Dos Anjos,3445,exact,100
Rafael Estevam,3446,exact,100
Rafael Fiziev,3447,exact,100
Rafael Natal,3449,exact,100
Rafael Tobias,3454,exact,100
Rafaello Oliveira,3455,exact,100
Rainy Martinez,3459,exact,100
Ramazan Emeev,3465,exact,100
Ramazan Temirov,3467,exact,100
Rameau Thierry Sokoudjou,3468,exact,100
Ramiro Hernandez,3470,exact,100
Ramiz Brahimaj,3472,exact,100
Ramon Taveras,3473,exact,100
Ramona Pascual,3474,exact,100
Ramsey Nijem,3475,exact,100
Randa Markos,3477,exact,100
Randy Brown,3479,exact,100
Randy Costa,3480,exact,100
Randy Couture,3481,exact,100
Rani Yahya,3482,exact,100
Raoni Barcelos,3483,exact,100
Raphael Assuncao,3485,exact,100
Raphael Pessoa,3487,exact,100
Raquel Pennington,3490,exact,100
Rashad Coulter,3491,exact,100
Rashad Evans,3492,exact,100
Rashid Magomedov,3494,exact,100
Raul Rosas Jr.,3497,exact,100
Raulian Paiva,3499,exact,100
Ravena Oliveira,3500,exact,100
Ray Borg,3501,exact,100
Ray Rodriguez,3503,exact,100
Ray Wizard,3509,exact,100
Rayanne dos Santos,3510,exact,100
Razak Al-Hassan,3512,exact,100
Reese Andy,3513,exact,100
Regina Tarin,3515,exact,100
Reginaldo Vieira,3516,exact,100
Rei Tsuruya,3517,exact,100
Reinier de Ridder,3518,exact,100
Remco Pardoel,3519,exact,100
Renan Barao,3523,exact,100
Renato Moicano,3524,exact,100
Renato Sobral,3525,exact,100
Renato Verissimo,3526,exact,100
Renee Forte,3528,exact,100
Renzo Gracie,3529,exact,100
Reuben Duran,3530,exact,100
Rex Holman,3531,exact,100
Reza Madadi,3536,exact,100
Reza Nasri,3537,exact,100
Rhys McKee,3539,exact,100
Ricardo Abreu,3540,exact,100
Ricardo Almeida,3541,exact,100
Ricardo Funch,3544,exact,100
Ricardo Lamas,3545,exact,100
Ricardo Ramos,3548,exact,100
Ricardo Romero,3549,exact,100
Ricco Rodriguez,3550,exact,100
Rich Attonito,3551,exact,100
Rich Clementi,3553,exact,100
Rich Franklin,3554,exact,100
Richard Crunkilton,3555,exact,100
Richard Walsh,3559,exact,100
Richardson Moreira,3560,exact,100
Richie Hightower,3561,exact,100
Richie Smullen,3563,exact,100
Richie Vaculik,3564,exact,100
Rick Davis,3565,exact,100
Rick Story,3567,exact,100
Ricky Glenn,3572,exact,100
Ricky Rainey,3576,exact,100
Ricky Simon,3577,exact,100
Ricky Turcios,3579,exact,100
Riki Fukuda,3583,exact,100
Rin Nakai,3585,exact,100
Rinat Fakhretdinov,3586,exact,100
Rinya Nakamura,3587,exact,100
Rizvan Kuniev,3589,exact,100
Roan Carneiro,3590,exact,100
Rob Broughton,3591,exact,100
Rob Emerson,3592,exact,100
Rob Font,3593,exact,100
Rob Kimmons,3594,exact,100
Rob MacDonald,3595,exact,100
Rob Wilkinson,3598,exact,100
Rob Yundt,3599,exact,100
Robbie Lawler,3600,exact,100
Robelis Despaigne,3602,exact,100
Robert Bryczek,3604,exact,100
Robert Drysdale,3606,exact,100
Robert Lucarelli,3607,exact,100
Robert McDaniel,3608,exact,100
Robert Peralta,3609,exact,100
Robert Ruchala,3610,exact,100
Robert Sanchez,3611,exact,100
Robert Valentin,3612,exact,100
Robert Whiteford,3613,exact,100
Robert Whittaker,3614,exact,100
Roberto Romero,3616,exact,100
Roberto Traven,3617,exact,100
Rocky Lee,3618,exact,100
Rodney Wallace,3621,exact,100
Rodolfo Bellato,3622,exact,100
Rodolfo Rubio Perez,3624,exact,100
Rodolfo Vieira,3625,exact,100
Rodrigo Damm,3626,exact,100
Rodrigo Nascimento,3630,exact,100
Rodrigo Ruas,3631,exact,100
Rodrigo Sezinando,3632,exact,100
Rodrigo de Lima,3633,exact,100
Roger Bowling,3634,exact,100
Roger Gracie,3636,exact,100
Roger Hollett,3637,exact,100
Roger Huerta,3638,exact,100
Roger Narvaez,3639,exact,100
Roger Zapata,3640,exact,100
Rogerio Bontorin,3641,exact,100
Rogerio Nogueira,3642,exact,100
Roland Delorme,3643,exact,100
Roland Payne,3644,exact,100
Rolando Bedoya,3645,exact,100
Rolando Delgado,3646,exact,100
Rolando Dy,3647,exact,100
Roldan Sangcha'an,3649,exact,100
Rolles Gracie,3650,exact,100
Roman Bogatov,3651,exact,100
Roman Dolidze,3653,exact,100
Roman Kopylov,3654,exact,100
Roman Mitichyan,3655,exact,100
Roman Salazar,3656,exact,100
Romie Aram,3658,exact,100
Ron Faircloth,3659,exact,100
Ron Stallings,3664,exact,100
Ron Waterman,3665,exact,100
Ron van Clief,3666,exact,100
Ronald Jhun,3669,exact,100
Ronaldo Rodriguez,3671,exact,100
Ronda Rousey,3672,exact,100
Rongzhu,3673,exact,100
Ronnie Lawrence,3674,exact,100
Ronny Markes,3675,exact,100
Rony Jason,3676,exact,100
Ronys Torres,3678,exact,100
Roosevelt Roberts,3679,exact,100
Roque Martinez,3681,exact,100
Rory MacDonald,3682,exact,100
Rory Markham,3683,exact,100
Rory Singer,3684,exact,100
Rose Namajunas,3686,exact,100
Rosi Sexton,3689,exact,100
Ross Pearson,3691,exact,100
Ross Pointon,3692,exact,100
Rostem Akman,3693,exact,100
Rousimar Palhares,3694,exact,100
Roxanne Modafferi,3695,exact,100
Roy Nelson,3698,exact,100
Royce Alger,3700,exact,100
Royce Gracie,3701,exact,100
Royston Wee,3703,exact,100
Ruan Potts,3704,exact,100
Rudyard Moncayo,3709,exact,100
Ruslan Magomedov,3713,exact,100
Russell Doane,3714,exact,100
Rustam Khabilov,3716,exact,100
Ryan Bader,3717,exact,100
Ryan Benoit,3719,exact,100
Ryan Couture,3720,exact,100
Ryan Gandra,3722,exact,100
Ryan Hall,3724,exact,100
Ryan Janes,3727,exact,100
Ryan Jensen,3728,exact,100
Ryan Jimmo,3729,exact,100
Ryan LaFlare,3731,exact,100
Ryan Loder,3733,exact,100
Ryan MacDonald,3734,exact,100
Ryan Madigan,3735,exact,100
Ryan McGillivray,3736,exact,100
Ryan Parker,3738,exact,100
Ryan Roberts,3740,exact,100
Ryan Spann,3741,exact,100
Ryan Thomas,3743,exact,100
Ryo Chonan,3745,exact,100
Sabah Homasi,3754,exact,100
Sabina Mazo,3755,exact,100
Saeed Hosseini,3756,exact,100
Sage Northcutt,3757,exact,100
Sai Wang,3758,exact,100
Said Nurmagomedov,3759,exact,100
Saidyokub Kakhramonov,3760,exact,100
Saimon Oliveira,3761,exact,100
Sako Chivitchian,3762,exact,100
Salim Touahri,3763,exact,100
Sam Adkins,3766,exact,100
Sam Alvey,3767,exact,100
Sam Fulton,3768,exact,100
Sam Hoger,3770,exact,100
Sam Hughes,3771,exact,100
Sam Patterson,3774,exact,100
Sam Sicilia,3775,exact,100
Sam Stout,3777,exact,100
Sammy Morgan,3780,exact,100
Samy Schiavo,3783,exact,100
Sanae Kikuta,3784,exact,100
Sangwook Kim,3789,exact,100
Santiago Luna,3790,exact,100
Santiago Ponzinibbio,3791,exact,100
Saparbeg Safarov,3793,exact,100
Sara McMann,3794,exact,100
Sarah Alpar,3795,exact,100
Sarah Frota,3797,exact,100
Sarah Kaufman,3798,exact,100
Sarah Moras,3799,exact,100
Sasha Palatnikov,3801,exact,100
Satoshi Honma,3803,exact,100
Saygid Izagakhmaev,3806,exact,100
Scott Adams,3807,exact,100
Scott Askham,3808,exact,100
Scott Baker,3809,exact,100
Scott Bessac,3810,exact,100
Scott Ferrozzo,3814,exact,100
Scott Fiedler,3815,exact,100
Scott Holtzman,3818,exact,100
Scott Jorgensen,3819,exact,100
Scott Junk,3820,exact,100
Scott Morris,3824,exact,100
Scott Smith,3827,exact,100
Sean Alvarez,3829,exact,100
Sean Brady,3831,exact,100
Sean Daugherty,3832,exact,100
Sean Gannon,3833,exact,100
Sean McCorkle,3838,exact,100
Sean O'Connell,3839,exact,100
Sean O'Malley,3841,exact,100
Sean Pierson,3842,exact,100
Sean Salmon,3843,exact,100
Sean Sharaf,3845,exact,100
Sean Sherk,3846,exact,100
Sean Soriano,3847,exact,100
Sean Spencer,3848,exact,100
Sean Strickland,3849,exact,100
Sean Woodson,3851,exact,100
Sebastian Szalay,3852,exact,100
Sedriques Dumas,3853,exact,100
Semmy Schilt,3855,exact,100
Seo Hee Ham,3856,exact,100
Seokhyeon Ko,3857,exact,100
Sergei Pavlovich,3860,exact,100
Sergey Khandozhko,3862,exact,100
Sergey Morozov,3863,exact,100
Serghei Spivac,3864,exact,100
Sergio Moraes,3866,exact,100
Sergio Pettis,3867,exact,100
Serhiy Sidey,3868,exact,100
Seth Baczynski,3869,exact,100
Seth Petruzelli,3872,exact,100
SeungGuk Choi,3873,exact,100
SeungWoo Choi,3874,exact,100
Shamar Bailey,3877,exact,100
Shamil Abdurakhimov,3878,exact,100
Shamil Gamzatov,3879,exact,100
Shamil Gaziev,3880,exact,100
Shana Dobson,3881,exact,100
Shane Burgos,3883,exact,100
Shane Campbell,3884,exact,100
Shane Carwin,3885,exact,100
Shane Howell,3886,exact,100
Shane Nelson,3887,exact,100
Shane Primm,3888,exact,100
Shane Roller,3889,exact,100
Shane Young,3890,exact,100
Shane del Rosario,3891,exact,100
Shanelle Dyer,3892,exact,100
Shanna Young,3894,exact,100
Shannon Gugerty,3896,exact,100
Shannon Ross,3898,exact,100
Shara Magomedov,3899,exact,100
Shauna Bannon,3901,exact,100
Shavkat Rakhmonov,3902,exact,100
Shawn Jordan,3904,exact,100
Shayilan Nuerdanbieke,3906,exact,100
Shayna Baszler,3907,exact,100
Sheila Gaff,3908,exact,100
Sheldon Westcott,3909,exact,100
Shem Rock,3911,exact,100
Sherman Pendergarst,3912,exact,100
Sheymon Moraes,3915,exact,100
Shi Ming,3916,exact,100
Shinsho Anzai,3920,exact,100
Shonie Carter,3926,exact,100
Shunichi Shimizu,3929,exact,100
Sijara Eubanks,3934,exact,100
Silvana Gomez Juarez,3935,exact,100
Simeon Thoresen,3937,exact,100
Sione Latu,3939,exact,100
Sirwan Kakai,3940,exact,100
Siyar Bahadurzada,3941,exact,100
Soa Palelei,3944,exact,100
Sodiq Yusuff,3945,exact,100
Solomon Hutcherson,3949,exact,100
Song Kenan,3951,exact,100
Song Yadong,3952,exact,100
Spencer Fisher,3955,exact,100
Spike Carlyle,3957,exact,100
Stanislav Nedkov,3958,exact,100
Stefan Sekulic,3961,exact,100
Stefan Struve,3962,exact,100
Stephan Bonnar,3963,exact,100
Stephanie Egger,3964,exact,100
Stephanie Luciano,3966,exact,100
Stephen Bass,3969,exact,100
Stephen Thompson,3973,exact,100
Steve Berger,3975,exact,100
Steve Bosse,3976,exact,100
Steve Bruno,3977,exact,100
Steve Byrnes,3978,exact,100
Steve Cantwell,3979,exact,100
Steve Erceg,3980,exact,100
Steve Garcia,3981,exact,100
Steve Jennum,3983,exact,100
Steve Judson,3984,exact,100
Steve Kennedy,3985,exact,100
Steve Lopez,3987,exact,100
Steve Montgomery,3990,exact,100
Steve Nelmark,3991,exact,100
Steve Steinbeiss,3993,exact,100
Steve Vigneault,3994,exact,100
Steven Asplund,3996,exact,100
Steven Graham,3998,exact,100
Steven Koslow,3999,exact,100
Steven Nguyen,4000,exact,100
Steven Peterson,4001,exact,100
Steven Siler,4002,exact,100
Stevie Lynch,4003,exact,100
Stevie Ray,4004,exact,100
Stewart Nicoll,4005,exact,100
Stipe Miocic,4006,exact,100
SuYoung You,4008,exact,100
Sulangrangbo,4009,exact,100
Sultan Aliev,4010,exact,100
Suman Mokhtarian,4011,exact,100
Sumudaerji,4013,exact,100
Sung Bin Jo,4014,exact,100
Syuri Kondo,4015,exact,100
TJ Brown,4016,exact,100
TJ Dillashaw,4018,exact,100
TJ Grant,4019,exact,100
TJ Laramie,4021,exact,100
TJ O'Brien,4022,exact,100
TJ Waldburger,4023,exact,100
Tabatha Ricci,4024,exact,100
Tae Hyun Bang,4026,exact,100
Tafon Nchukwi,4028,exact,100
Tagir Ulanbekov,4029,exact,100
Tai Bowden,4030,exact,100
Tai Tuivasa,4031,exact,100
Taila Santos,4034,exact,100
Tainara Lisboa,4035,exact,100
Taiyilake Nueraji,4036,exact,100
Takanori Gomi,4039,exact,100
Takashi Sato,4040,exact,100
Takenori Sato,4045,exact,100
Takeya Mizugaki,4049,exact,100
Talita Alencar,4050,exact,100
Talita Bernardo,4051,exact,100
Tallison Teixeira,4053,exact,100
Tamdan McCrory,4054,exact,100
Tamires Vidal,4055,exact,100
Tanner Boser,4057,exact,100
Tarec Saffiedine,4058,exact,100
Tateki Matsuda,4059,exact,100
Tatiana Suarez,4060,exact,100
Tatsuro Taira,4061,exact,100
Tatsuya Kawajiri,4064,exact,100
Taylor Lapilus,4069,exact,100
Te Edwards,4072,exact,100
Tecia Pennington,4074,exact,100
Tedd Williams,4075,exact,100
Teemu Packalen,4077,exact,100
Tereza Bleda,4079,exact,100
Terrance McKinney,4080,exact,100
Terrance Saeteurn,4081,exact,100
Terrence Mitchell,4083,exact,100
Terrion Ware,4084,exact,100
Terry Etim,4085,exact,100
Terry Martin,4086,exact,100
Teruto Ishihara,4087,exact,100
Thaddeus Luster,4090,exact,100
Thales Leites,4091,exact,100
Themba Gorimbo,4093,exact,100
Thiago Alves,4096,exact,100
Thiago Moises,4097,exact,100
Thiago Perpetuo,4098,exact,100
Thiago Santos,4099,exact,100
Thiago Silva,4100,exact,100
Thiago Tavares,4101,exact,100
Thibault Gouti,4102,exact,100
Thomas Almeida,4103,exact,100
Thomas Gifford,4107,exact,100
Thomas Petersen,4110,exact,100
Thomas Ramirez,4111,exact,100
Tiago dos Santos e Silva,4113,exact,100
Tiki Ghosn,4115,exact,100
Tim Boetsch,4116,exact,100
Tim Credeur,4119,exact,100
Tim Elliott,4120,exact,100
Tim Gorman,4121,exact,100
Tim Hague,4122,exact,100
Tim Kennedy,4123,exact,100
Tim Lajcik,4124,exact,100
Tim McKenzie,4125,exact,100
Tim Means,4126,exact,100
Tim Sylvia,4129,exact,100
Tim Williams,4130,exact,100
Timmy Cuamba,4131,exact,100
Timothy Johnson,4133,exact,100
Timur Valiev,4134,exact,100
Tina Lahdemaki,4135,exact,100
Tito Ortiz,4137,exact,100
Todd Brown,4140,exact,100
Todd Butler,4141,exact,100
Todd Duffee,4142,exact,100
Todd Medina,4145,exact,100
Tofiq Musayev,4147,exact,100
Tom Aspinall,4152,exact,100
Tom Blackledge,4153,exact,100
Tom Breese,4154,exact,100
Tom DeBlass,4155,exact,100
Tom Duquesnoy,4156,exact,100
Tom Egan,4157,exact,100
Tom Gallicchio,4159,exact,100
Tom Lawlor,4160,exact,100
Tom Murphy,4161,exact,100
Tom Niinimaki,4162,exact,100
Tom Nolan,4163,exact,100
Tom Watson,4166,exact,100
Tomasz Drwal,4167,exact,100
Tommy Hayden,4170,exact,100
Tommy McMillen,4172,exact,100
Tommy Speer,4174,exact,100
Tony DeSouza,4179,exact,100
Tony Ferguson,4180,exact,100
Tony Fryklund,4181,exact,100
Tony Gravely,4182,exact,100
Tony Halme,4183,exact,100
Tony Kelley,4187,exact,100
Tony Petarra,4188,exact,100
Tony Sims,4189,exact,100
Tonya Evinger,4191,exact,100
Tor Troeng,4193,exact,100
Torrez Finney,4195,exact,100
Toshiomi Kazama,4196,exact,100
Townsend Saunders,4197,exact,100
Tra Telligman,4198,exact,100
Tracy Cortez,4199,exact,100
Travis Browne,4200,exact,100
Travis Fulton,4202,exact,100
Travis Lutter,4205,exact,100
Travis Wiuff,4206,exact,100
Tre'ston Vines,4207,exact,100
Trent Jenkins,4209,exact,100
Tresean Gore,4211,exact,100
Trevin Giles,4213,exact,100
Trevin Jones,4214,exact,100
Trevor Peek,4216,exact,100
Trevor Prangley,4217,exact,100
Trevor Smith,4218,exact,100
Trey Ogden,4220,exact,100
Trey Waters,4221,exact,100
Tristan Connelly,4223,exact,100
Troy Mandaloniz,4224,exact,100
Tsuyoshi Kohsaka,4225,exact,100
Tucker Lutz,4228,exact,100
Tuco Tokkos,4229,exact,100
Tulio Palhares,4230,exact,100
Ty Miller,4233,exact,100
Tyler Diamond,4234,exact,100
Tyler Toner,4237,exact,100
Tyrell Fortune,4239,exact,100
Tyron Woodley,4240,exact,100
Tyrone Roberts,4241,exact,100
Tyson Griffin,4242,exact,100
Tyson Nam,4243,exact,100
Tyson Pedro,4244,exact,100
Ulysses Gomez,4245,exact,100
Umar Nurmagomedov,4246,exact,100
Uran Satybaldiev,4247,exact,100
Uriah Hall,4248,exact,100
Urijah Faber,4249,exact,100
Uros Medic,4250,exact,100
Vagner Rocha,4252,exact,100
Val Woodburn,4253,exact,100
Valentina Shevchenko,4255,exact,100
Valeri Ignatov,4256,exact,100
Valerie Letourneau,4257,exact,100
Valmir Lazaro,4259,exact,100
Valter Walker,4260,exact,100
Vanessa Demopoulos,4261,exact,100
Vanessa Melo,4262,exact,100
Vaughan Lee,4264,exact,100
Vernon Ramos Ho,4265,exact,100
Vernon White,4266,exact,100
Veronica Hardy,4267,exact,100
Viacheslav Borshchev,4269,exact,100
Vicente Luque,4270,exact,100
Victor Altamirano,4271,exact,100
Victor Henry,4273,exact,100
Victor Hugo,4274,exact,100
Victor Martinez,4277,exact,100
Victor Rodriguez,4279,exact,100
Victor Valenzuela,4281,exact,100
Victor Valimaki,4282,exact,100
Victoria Leonardo,4283,exact,100
Vik Grujic,4284,exact,100
Viktor Pesta,4285,exact,100
Viktoriia Dudakova,4286,exact,100
Vinc Pichel,4287,exact,100
Vince Cachero,4288,exact,100
Vince Morales,4289,exact,100
Vinicius Moreira,4294,exact,100
Vinicius Oliveira,4295,exact,100
Vinicius Queiroz,4296,exact,100
Vinicius Salvador,4297,exact,100
Vinny Magalhaes,4298,exact,100
Virna Jandiroba,4300,exact,100
Viscardi Andrade,4301,exact,100
Vitor Belfort,4303,exact,100
Vitor Miranda,4305,exact,100
Vitor Petrino,4306,exact,100
Viviane Araujo,4309,exact,100
Viviane Pereira,4310,exact,100
Vladimir Matyushenko,4311,exact,100
Volkan Oezdemir,4312,exact,100
Wade Shipp,4314,exact,100
Wagner Campos,4315,exact,100
Wagner Prado,4316,exact,100
Wagner Silva,4317,exact,100
Waldo Cortes Acosta,4320,exact,100
Walel Watson,4321,exact,100
Wallid Ismail,4323,exact,100
Walt Harris,4324,exact,100
Wanderlei Silva,4326,exact,100
Wang Cong,4327,exact,100
Wang Guan,4328,exact,100
War Machine,4329,exact,100
Warlley Alves,4330,exact,100
Waylon Lowe,4334,exact,100
Wellington Turman,4337,exact,100
Wendell Oliveira Marques,4338,exact,100
Wes Albritton,4339,exact,100
Wes Combs,4340,exact,100
Wes Schultz,4341,exact,100
Wes Sims,4343,exact,100
Wesley Correira,4344,exact,100
Westin Wilson,4346,exact,100
Will Brooks,4347,exact,100
Will Campuzano,4348,exact,100
Will Chope,4349,exact,100
Willamy Freire,4354,exact,100
William Gomis,4355,exact,100
William Knight,4356,exact,100
William Macario,4357,exact,100
Willie Gates,4359,exact,100
Wilson Gouveia,4362,exact,100
Wilson Reis,4363,exact,100
Wu Yanan,4368,exact,100
Wulijiburen,4369,exact,100
Xavier Foupa-Pokam,4371,exact,100
Xiao Long,4374,exact,100
Yadier del Valle,4378,exact,100
Yair Rodriguez,4379,exact,100
Yan Cabral,4381,exact,100
Yan Xiaonan,4384,exact,100
Yana Santos,4385,exact,100
Yanal Ashmouz,4386,exact,100
Yancy Medeiros,4387,exact,100
Yanis Ghemmouri,4388,exact,100
Yao Zhikui,4389,exact,100
Yaotzin Meza,4390,exact,100
Yaroslav Amosov,4391,exact,100
Yasuhiro Urushitani,4392,exact,100
Yazmin Jauregui,4395,exact,100
Yizha,4400,exact,100
Yoel Romero,4401,exact,100
Yohan Lainesse,4403,exact,100
Yoislandy Izquierdo,4404,exact,100
Yoji Anjo,4405,exact,100
Yorgan De Castro,4408,exact,100
Yosdenis Cedeno,4409,exact,100
Yoshihiro Akiyama,4411,exact,100
Yoshiki Takahashi,4415,exact,100
Yoshinori Horie,4416,exact,100
Yoshiyuki Yoshida,4418,exact,100
Yousri Belgaroui,4424,exact,100
Youssef Zalal,4425,exact,100
Yui Chul Nam,4429,exact,100
Yuki Kondo,4435,exact,100
Yuki Sasaki,4436,exact,100
Yuneisy Duben,4441,exact,100
Yuri Vaulin,4445,exact,100
Yuri Villefort,4446,exact,100
Yusaku Kinoshita,4448,exact,100
Yushin Okami,4450,exact,100
Yusuke Kasuya,4452,exact,100
Yuta Sasaki,4455,exact,100
Yves Edwards,4457,exact,100
Yves Jabouin,4458,exact,100
Zabit Magomedsharipov,4459,exact,100
Zac Pauga,4460,exact,100
Zach Light,4461,exact,100
Zach Makovsky,4462,exact,100
Zach Reese,4463,exact,100
Zachary Scroggin,4470,exact,100
Zak Cummings,4472,exact,100
Zak Ottow,4473,exact,100
Zane Frazier,4474,exact,100
Zarah Fairn,4475,exact,100
Zarrukh Adashev,4476,exact,100
Zelim Imadaev,4478,exact,100
Zhalgas Zhumagulov,4479,exact,100
Zhang Lipeng,4480,exact,100
Zhang Mingyang,4481,exact,100
Zhang Tiequan,4483,exact,100
Zhang Weili,4484,exact,100
Zubaira Tukhugov,4489,exact,100
Zviad Lazishvili,4490,exact,100
Zygimantas Ramaska,4491,exact,100
